company,srn,address,city,zip_code,pti_no.,approved,notes,oldest_permit_age,oldest_permit_age_converted,FCE,total,income_poverty_level,white_pct,black_pct,am_indian_ak_native_pct,asian_pct,hi_pc_islander_pct,other_pct,major_sources_in_zip
MENASHA CORPORATION,A0023,320 N FARMER STREET - PAPERBOARD,OTSEGO,49078,152-96B,2001-04-12,Rolled into ROP,21.05,9.0,2.0,9316,10.7,94.5,0.7,0.1,0.6,0.0,4.1,1
MEAD PAPER COMPANY,A0884,7100 COUNTY ROAD 426,ESCANABA,49829,800-88A,1998-04-23,Rolled into ROP,24.02,9.0,3.0,16443,16.3,93.1,0.6,2.1,0.6,0.0,3.6,2
DELTA SOLID WASTE MANAGEMENT,N6035,5701 19TH AVENUE NORTH,ESCANABA,49829,30-03,2003-04-17,Rolled into ROP,19.03,9.0,2.0,16443,16.3,93.1,0.6,2.1,0.6,0.0,3.6,2
GENERAL MOTORS CORPORATION,A1641,920 TOWNSEND STREET - BOC LANSING,LANSING,48933,69-84A,2000-12-19,Rolled into ROP,21.36,9.0,4.0,2636,39.9,48.1,34.2,1.2,3.3,0.5,12.6,1
"KALSEC, INC",A1991,3713 W MAIN STREET,KALAMAZOO,49006,104-95A,1997-01-16,Rolled into ROP,25.28,9.0,3.0,24556,36.4,74.0,14.4,0.2,4.0,0.0,7.5,1
E I DUPONT DE NEMOURS & COMPANY,A3569,400 GROESBECK HIGHWAY - MOUNT,MOUNT CLEMENS,48043,646-85A,1997-01-22,Rolled into ROP,25.27,9.0,4.0,14857,20.1,70.3,24.6,0.4,0.1,0.0,4.6,1
MARTIN MARIETTA MAGNESIA,A3900,1800 E LAKE ROAD,MANISTEE,49660,311-88B,1997-11-26,Rolled into ROP,24.42,9.0,2.0,12915,9.5,88.7,4.2,2.0,0.6,0.1,4.4,4
"MORTON INTERNATIONAL, INC",B1824,180 6TH STREET,MANISTEE,49660,264-94A,1998-06-19,Rolled into ROP,23.86,9.0,4.0,12915,9.5,88.7,4.2,2.0,0.6,0.1,4.4,4
"AZTEC PRODUCING COMPANY, INC",B7093,335 N WASHINGTON STREET,MANISTEE,49660,157-07,2007-05-21,Rolled into ROP,14.94,9.0,4.0,12915,9.5,88.7,4.2,2.0,0.6,0.1,4.4,4
HARLAND SANITARY LANDFILL,N3634,3890 CAMP ROAD,MANISTEE,49660,357-08,2009-03-06,Rolled into ROP,13.15,9.0,5.0,12915,9.5,88.7,4.2,2.0,0.6,0.1,4.4,4
GREAT LAKES CASTINGS CORPORATION,A3934,800 N WASHINGTON AVENUE,LUDINGTON,49431,440-90A,1998-06-19,Rolled into ROP,23.86,9.0,4.0,16938,13.6,94.9,0.7,1.2,0.7,0.0,2.5,3
DOW CHEMICAL COMPANY,B1846,1600 S MADISON STREET,LUDINGTON,49431,156-05,2005-07-26,Rolled into ROP,16.76,9.0,4.0,16938,13.6,94.9,0.7,1.2,0.7,0.0,2.5,3
MICHIGAN POWER LP,N4975,5795 W 6TH STREET,LUDINGTON,49431,686-93C,2000-07-21,Rolled into ROP,21.77,9.0,4.0,16938,13.6,94.9,0.7,1.2,0.7,0.0,2.5,3
DOW CHEMICAL COMPANY,A4033,1000 BUILDING,MIDLAND,48667,928-89C,1997-10-31,Rolled into ROP,24.49,9.0,1.0,0,,,,,,,,3
"TRINSEO, LLC",P1025,433W BUILDING,MIDLAND,48667,33-16,2016-04-14,Rolled into ROP,6.04,6.04,,0,,,,,,,,3
DDP SPECIALTY ELECTRONIC MATERIALS,P1027,3400 S SAGINAW ROAD - UNIT 96,MIDLAND,48667,167-19,2020-01-27,Rolled into ROP,2.25,2.25,0.0,0,,,,,,,,3
DOW CHEMICAL COMPANY,A4033,100 BUILDING,MIDLAND,48640,150-14A,2015-06-23,Rolled into ROP,6.85,6.85,1.0,31553,11.9,93.4,1.9,0.2,1.9,0.1,2.5,6
DOW CORNING CORPORATION,A4043,3901 S SAGINAW ROAD - MIDLAND PLANT,MIDLAND,48640,44-89A,1997-02-04,Rolled into ROP,25.23,9.0,3.0,31553,11.9,93.4,1.9,0.2,1.9,0.1,2.5,6
HEMLOCK SEMICONDUCTOR,B2644,12334 GEDDES ROAD,HEMLOCK,48640,83-04,2004-04-06,Rolled into ROP,18.06,9.0,5.0,31553,11.9,93.4,1.9,0.2,1.9,0.1,2.5,6
MIDLAND COGENERATION VENTURE,B6527,100 E PROGRESS PLACE,MIDLAND,48640,316-05B,2007-07-02,Rolled into ROP,14.83,9.0,3.0,31553,11.9,93.4,1.9,0.2,1.9,0.1,2.5,6
CABOT CORPORATION,N6251,3603 S SAGINAW ROAD,MIDLAND,48640,138-97A,2002-02-08,Rolled into ROP,20.22,9.0,1.0,31553,11.9,93.4,1.9,0.2,1.9,0.1,2.5,6
DDP SPECIALTY ELECTRONIC MATERIALS,P1027,954 BUILDING,MIDLAND,48640,159-19,2020-03-23,Rolled into ROP,2.1,2.1,0.0,31553,11.9,93.4,1.9,0.2,1.9,0.1,2.5,6
"MAHLE INDUSTRIES, INC",A4302,2020 SANFORD STREET,MUSKEGON HEIGHTS,49444,256-10,2011-01-11,Rolled into ROP,11.3,9.0,4.0,26061,23.4,59.4,34.7,1.0,0.4,0.0,4.4,1
GENERAL MOTORS CORPORATION,A5262,3300 GENERAL MOTORS ROAD - MILFORD,MILFORD,48380,481-97,1997-10-27,Rolled into ROP,24.5,9.0,4.0,7338,2.5,96.7,0.8,0.3,0.8,0.0,1.4,1
"EVART PRODUCTS TEXTRON, INC",A5764,601 W 7TH STREET,EVART,49631,137-98,1998-04-24,Rolled into ROP,24.01,9.0,4.0,6137,19.8,95.1,0.9,1.8,0.5,0.0,1.6,1
MEAD JOHNSON & COMPANY,A5858,725 E MAIN STREET,ZEELAND,49464,285-04,2005-05-11,Rolled into ROP,16.97,9.0,5.0,28804,4.1,91.3,0.9,0.3,4.1,0.0,3.3000000000000003,6
HOWARD MILLER CLOCK COMPANY,A5937,860 E MAIN STREET,ZEELAND,49464,51-03,2004-01-08,Rolled into ROP,18.31,9.0,4.0,28804,4.1,91.3,0.9,0.3,4.1,0.0,3.3000000000000003,6
"ZEELAND FARM SERVICES, INC",M4204,2468 84TH AVENUE,ZEELAND,49464,479-95E,2000-07-03,Rolled into ROP,21.82,9.0,5.0,28804,4.1,91.3,0.9,0.3,4.1,0.0,3.3000000000000003,6
GENTEX CORPORATION,N1888,600 N CENTENNIAL STREET,ZEELAND,49464,117-14,2014-11-19,Rolled into ROP,7.44,7.44,3.0,28804,4.1,91.3,0.9,0.3,4.1,0.0,3.3000000000000003,6
AUTUMN HILLS RDF,N6006,700 56TH AVENUE,ZEELAND,49464,330-97,1998-01-08,Rolled into ROP,24.3,9.0,4.0,28804,4.1,91.3,0.9,0.3,4.1,0.0,3.3000000000000003,6
"MIRANT ZEELAND, LLC",N6521,425 N FAIRVIEW ROAD,ZEELAND,49464,267-98A,2003-01-21,Rolled into ROP,19.27,9.0,4.0,28804,4.1,91.3,0.9,0.3,4.1,0.0,3.3000000000000003,6
GENERAL MOTORS CORPORATION,A6175,3900 HOLLAND ROAD - DELPHI,SAGINAW,48601,83-79A,1997-12-18,Rolled into ROP,24.36,9.0,3.0,34315,34.3,30.6,62.5,0.3,0.1,0.0,6.5,2
GENERAL MOTORS CORPORATION,B1991,1629 N WASHINGTON AVENUE - CASTING,SAGINAW,48601,371-95A,1997-09-02,Rolled into ROP,24.65,9.0,5.0,34315,34.3,30.6,62.5,0.3,0.1,0.0,6.5,2
INTERTAPE POLYMER GROUP,A6220,317 KENDALL AVENUE,MARYSVILLE,48040,185-99,1999-06-30,Rolled into ROP,22.83,9.0,5.0,9639,8.2,96.1,0.5,0.2,0.0,0.0,3.2,3
DETROIT EDISON COMPANY,B2813,301 GRATIOT BLVD,MARYSVILLE,48040,523-88A,2000-08-09,Rolled into ROP,21.72,9.0,,9639,8.2,96.1,0.5,0.2,0.0,0.0,3.2,3
"FAGERDALA USA MARYSVILLE, INC",N6944,2700 WILLS ROAD,MARYSVILLE,48040,162-00E,2010-07-30,Rolled into ROP,11.75,9.0,5.0,9639,8.2,96.1,0.5,0.2,0.0,0.0,3.2,3
DOTT MANUFACTURING COMPANY,A6466,3768 N MAIN STREET,DECKERVILLE,48427,390-92B,1999-12-01,Rolled into ROP,22.41,9.0,,2667,16.0,97.2,0.2,0.5,0.1,0.0,1.9,1
"MANISTIQUE PAPERS, INC",A6475,453 S MACKINAC AVENUE,MANISTIQUE,49854,566-97,2001-03-27,Rolled into ROP,21.09,9.0,4.0,6161,17.3,85.6,0.4,8.1,0.4,0.0,5.5,1
HANSON BRICK,A6497,3820 SERR ROAD - MICHIGAN PLANT,CORUNNA,48817,47-06,2006-03-03,Rolled into ROP,16.16,9.0,4.0,5766,10.9,95.7,1.8,0.0,0.0,0.0,2.6,1
AKJ INDUSTRIES,A7809,1 QUALITY DRIVE,ECORSE,48229,271-97,1997-09-17,Rolled into ROP,24.61,9.0,2.0,9404,33.3,39.8,41.3,2.4,0.0,1.1,15.4,2
EDWARD C LEVY COMPANY,B4364,100 WESTFIELD STREET - PLANT 3,ECORSE,48229,482-97A,1999-10-26,Rolled into ROP,22.51,9.0,2.0,9404,33.3,39.8,41.3,2.4,0.0,1.1,15.4,2
DELRAY CONNECTING RAILROAD,A7809,7109 W JEFFERSON AVENUE,DETROIT,48209,304-99,2000-11-30,Rolled into ROP,21.41,9.0,2.0,31571,43.1,50.8,10.1,1.0,0.1,0.0,38.0,1
MCLAREN PERFORMANCE TECHNOLOGIES,A8217,32233 W 8 MILE ROAD,LIVONIA,48152,177-99C,2004-06-30,Rolled into ROP,17.83,9.0,3.0,30849,6.4,87.4,5.3,0.2,4.7,0.0,2.4000000000000004,1
DETROIT DIESEL CORPORATION,A8638,13400 W OUTER DRIVE,DETROIT,48239,102-00,2003-04-16,Rolled into ROP,19.04,9.0,3.0,36093,18.1,45.7,49.5,0.4,0.5,0.0,4.0,1
ROUGE STEEL COMPANY,A8640,3001 MILLER ROAD,DEARBORN,48120,142-97,1997-04-08,Rolled into ROP,25.06,9.0,1.0,7050,35.0,76.7,8.7,0.1,8.0,0.0,6.5,4
FORD MOTOR COMPANY,A8648,3001 MILLER ROAD - DEARBORN,DEARBORN,48120,200-97,1997-05-09,Rolled into ROP,24.97,9.0,2.0,7050,35.0,76.7,8.7,0.1,8.0,0.0,6.5,4
FORD MOTOR COMPANY,M4764,1200 ELM STREET,DEARBORN,48120,195-96A,1997-08-18,Rolled into ROP,24.7,9.0,3.0,7050,35.0,76.7,8.7,0.1,8.0,0.0,6.5,4
DEARBORN INDUSTRIAL GENERATION,N6631,2400 MILLER ROAD,DEARBORN,48120,217-03,2003-09-25,Rolled into ROP,18.59,9.0,3.0,7050,35.0,76.7,8.7,0.1,8.0,0.0,6.5,4
FORD MOTOR COMPANY,A8650,37625 MICHIGAN AVENUE - WAYNE,WAYNE,48184,150-99,2000-01-06,Rolled into ROP,22.31,9.0,2.0,17044,21.8,75.9,18.7,0.2,0.8,0.0,4.3,1
PAULSTRA CRC CORPORATION,A9364,600 7TH STREET - CADILLAC DIVISION,CADILLAC,49601,545-96,1998-02-12,Rolled into ROP,24.21,9.0,2.0,21514,13.7,95.6,1.0,0.4,0.5,0.0,2.6,7
CADILLAC RUBBER & PLASTICS,A9365,603 W 7TH STREET,CADILLAC,49601,237-96,1997-04-15,Rolled into ROP,25.04,9.0,2.0,21514,13.7,95.6,1.0,0.4,0.5,0.0,2.6,7
"CMI CAST PARTS, INC",B2178,1500 4TH AVENUE,CADILLAC,49601,174-95A,1998-02-26,Rolled into ROP,24.17,9.0,4.0,21514,13.7,95.6,1.0,0.4,0.5,0.0,2.6,7
AAR CADILLAC MANUFACTURING,B4197,201 HAYNES STREET,CADILLAC,49601,261-00,2000-12-07,Rolled into ROP,21.39,9.0,4.0,21514,13.7,95.6,1.0,0.4,0.5,0.0,2.6,7
"FOUR WINNS, INC",N1328,609 13TH STREET,CADILLAC,49601,1240-91D,2000-01-19,Rolled into ROP,22.28,9.0,5.0,21514,13.7,95.6,1.0,0.4,0.5,0.0,2.6,7
CADILLAC RENEWABLE ENERGY,N1395,1525 MILTNER STREET,CADILLAC,49601,219-07,2007-12-06,Rolled into ROP,14.4,9.0,3.0,21514,13.7,95.6,1.0,0.4,0.5,0.0,2.6,7
"FOUR WINNS, INC",N1470,925 FRISBIE STREET,CADILLAC,49601,1239-91C,2000-01-19,Rolled into ROP,22.28,9.0,2.0,21514,13.7,95.6,1.0,0.4,0.5,0.0,2.6,7
MARATHON ASHLAND PETROLEUM,A9831,12700 TORONTO STREET,DETROIT,48217,180-97,1997-04-18,Rolled into ROP,25.03,9.0,2.0,6678,37.1,12.5,80.1,0.0,0.0,0.0,7.5,3
DETROIT EDISON COMPANY,B2798,6603 W JEFFERSON AVENUE,DETROIT,48217,373-98,1998-12-18,Rolled into ROP,23.36,9.0,4.0,6678,37.1,12.5,80.1,0.0,0.0,0.0,7.5,3
EDWARD C LEVY COMPANY,B4243,13800 MELLON STREET - PLANT 6,DETROIT,48217,298-03,2004-05-11,Rolled into ROP,17.97,9.0,3.0,6678,37.1,12.5,80.1,0.0,0.0,0.0,7.5,3
"NEENAH PAPER - MICHIGAN, INC",B1470,501 E MUNISING AVENUE,MUNISING,49862,24-15,2015-04-20,Rolled into ROP,7.03,7.03,3.0,4132,10.5,77.7,13.2,5.2,0.1,0.0,3.8,1
LOUISIANA-PACIFIC CORPORATION,B1476,416 FORD AVENUE,ALPENA,49707,158-00A,2001-03-12,Rolled into ROP,21.13,9.0,1.0,21255,14.7,96.6,0.6,0.5,0.7,0.0,1.6,2
"LAFARGE MIDWEST, INC",B1477,1435 FORD AVENUE - ALPENA PLANT,ALPENA,49707,356-88E,1999-01-05,Rolled into ROP,23.31,9.0,5.0,21255,14.7,96.6,0.6,0.5,0.7,0.0,1.6,2
MONITOR SUGAR COMPANY,B1493,2600 S EUCLID AVENUE,BAY CITY,48706,1295-91B,1997-08-27,Rolled into ROP,24.67,9.0,2.0,39055,16.9,94.7,1.6,0.2,0.8,0.0,2.7,2
"QUANTUM COMPOSITES, INC",N6874,1310 S VALLEY CENTER DRIVE,BAY CITY,48706,303-00B,2010-04-30,Rolled into ROP,12.0,9.0,4.0,39055,16.9,94.7,1.6,0.2,0.8,0.0,2.7,2
MICHIGAN PAPERBOARD COMPANY,B1534,79 FOUNTAIN STREET EAST,BATTLE CREEK,49017,62-98B,2000-01-13,Rolled into ROP,22.29,9.0,3.0,20937,14.6,82.0,9.8,0.7,0.2,0.0,7.2,1
KRAFT GENERAL FOODS CORPORATION,B1548,275 CLIFF STREET - POST DIVISION,BATTLE CREEK,49014,626-93A,1999-07-08,Rolled into ROP,22.81,9.0,4.0,20682,15.2,82.2,10.3,1.0,2.0,0.0,4.5,1
"SAINT MARY'S CEMENT, INC",B1559,16000 BELLS BAY ROAD,CHARLEVOIX,49720,370-06,2007-01-05,Rolled into ROP,15.31,9.0,5.0,8568,10.4,94.7,0.8,2.4,0.3,0.0,1.8,1
"GREDE FOUNDRIES, INC",B1577,801 S CARPENTER AVENUE,KINGSFORD,49802,381-96B,1997-08-21,Rolled into ROP,24.69,9.0,4.0,5706,19.8,90.2,0.9,3.2,1.2,0.0,4.4,1
GENERAL MOTORS CORPORATION,B1606,G-3100 VAN SLYKE ROAD - V8 ENG,FLINT,48551,350-97B,2001-09-18,Rolled into ROP,20.61,9.0,3.0,0,,,,,,,,1
"ALLNEX USA, INC",B1677,2715 MILLER ROAD,KALAMAZOO,49001,418-96H,2018-03-29,Rolled into ROP,4.08,4.08,2.0,20961,15.3,69.5,23.9,0.0,0.6,0.0,6.0,2
"PHARMACIA & UPJOHN COMPANY, LLC",B3610,7171 PORTAGE ROAD,KALAMAZOO,49001,132-94C,2000-03-09,Rolled into ROP,22.14,9.0,4.0,20961,15.3,69.5,23.9,0.0,0.6,0.0,6.0,2
"JAMES RIVER PAPER COMPANY, INC",B1678,1500 N PITCHER STREET,KALAMAZOO,49007,431-92A,1997-11-25,Rolled into ROP,24.42,9.0,3.0,9996,36.5,42.6,46.4,0.2,1.3,0.0,9.4,1
ERVIN AMASTEEL DIVISION,B1754,915 TABOR STREET,ADRIAN,49221,46-12,2012-05-18,Rolled into ROP,9.95,9.0,4.0,35692,15.6,89.1,5.3,0.5,0.3,0.0,4.9,3
GENERAL MOTORS CORPORATION,B6027,1450 E BEECHER STREET - DELPHI,ADRIAN,49221,560-97,1998-06-11,Rolled into ROP,23.88,9.0,5.0,35692,15.6,89.1,5.3,0.5,0.3,0.0,4.9,3
ADRIAN ENERGY ASSOCIATES,P0426,1900 N OGDEN HIGHWAY,ADRIAN,49221,145-09,2009-07-16,Rolled into ROP,12.79,9.0,2.0,35692,15.6,89.1,5.3,0.5,0.3,0.0,4.9,3
"WARREN WWTP, CITY OF",B1792,32360 WARKOP AVENUE,WARREN,48093,71-96A,1999-07-23,Rolled into ROP,22.77,9.0,3.0,24192,10.9,74.0,17.4,0.3,5.6,0.1,2.8,2
GENERAL MOTORS CORPORATION,B4049,30001 VAN DYKE AVENUE - TECHNICAL,WARREN,48093,82-11,2011-07-12,Rolled into ROP,10.8,9.0,3.0,24192,10.9,74.0,17.4,0.3,5.6,0.1,2.8,2
EMPIRE IRON MINING PARTNERSHP,B1827,1 EMPIRE MINE ROAD,ISHPEMING,49871,436-97,1997-10-20,Rolled into ROP,24.52,9.0,3.0,558,17.9,97.5,0.0,1.1,0.0,0.0,1.4,1
GUARDIAN INDUSTRIES CORPORATION,B1877,14600 ROMINE ROAD,CARLETON,48117,72-00,2001-06-04,Rolled into ROP,20.9,9.0,4.0,9995,7.4,95.3,2.2,0.4,0.2,0.0,1.8,1
TEXTRON AUTOMOTIVE COMPANY,B1909,1085 W SHERMAN BLVD - CWC DIVISION,MUSKEGON,49441,228-03,2003-11-12,Rolled into ROP,18.46,9.0,5.0,34990,13.0,84.4,10.7,0.8,1.1,0.1,2.9,1
COPPER RANGE COMPANY,B1966,1 WILCOX ROAD,WHITE PINE,49971,63-97,1997-02-18,Rolled into ROP,25.19,9.0,3.0,478,11.3,95.2,0.0,1.7,2.7,0.0,0.4,2
"WHITE PINE COPPER REFINERY, INC",N7396,29784 WILLOW ROAD,WHITE PINE,49971,321-07,2007-11-27,Rolled into ROP,14.42,9.0,2.0,478,11.3,95.2,0.0,1.7,2.7,0.0,0.4,2
"COVALENCE SPECIALTY COATINGS, LLC",B2013,700 CENTREVILLE ROAD,CONSTANTINE,49042,149-07,2007-05-04,Rolled into ROP,14.99,9.0,4.0,4705,12.3,95.1,0.1,0.0,0.6,0.0,4.1000000000000005,1
DOCK FOUNDRY COMPANY,B2015,428 4TH STREET,THREE RIVERS,49093,272-97,1997-07-11,Rolled into ROP,24.8,9.0,3.0,18027,13.3,86.8,6.0,0.1,1.2,0.0,5.9,4
"LASCO BATHWARE, INC",B2025,888 W BROADWAY ROAD - aka PINECO,THREE RIVERS,49093,113-05,2005-06-27,Rolled into ROP,16.84,9.0,4.0,18027,13.3,86.8,6.0,0.1,1.2,0.0,5.9,4
"WESTSIDE GAS PRODUCERS, LLC",N1216,14034 M-60 WEST - SW CORNER OF,THREE RIVERS,49093,144-98C,2016-10-13,Rolled into ROP,5.54,5.54,3.0,18027,13.3,86.8,6.0,0.1,1.2,0.0,5.9,4
KALAMAZOO RIVER GENERATING STATION,N6731,6900 E MICHIGAN AVENUE,COMSTOCK TOWNSHIP,49093,8-18,2018-07-03,Rolled into ROP,3.82,3.82,3.0,18027,13.3,86.8,6.0,0.1,1.2,0.0,5.9,4
WHITE PIGEON PAPER COMPANY,B2024,15781 RIVER STREET,WHITE PIGEON,49099,66-03,2003-05-19,Rolled into ROP,18.95,9.0,4.0,5695,17.9,96.4,0.1,0.6,0.4,0.0,2.6,2
CONSUMERS ENERGY COMPANY,N5573,68536 A ROAD - ROUTE 1,WHITE PIGEON,49099,137-08,2008-11-24,Rolled into ROP,13.43,9.0,3.0,5695,17.9,96.4,0.1,0.6,0.4,0.0,2.6,2
VISTEON CORPORATION,B2063,7700 E MICHIGAN AVENUE - SALINE PLANT,SALINE,48176,199-99,1999-11-08,Rolled into ROP,22.47,9.0,6.0,23439,5.3,88.1,1.8,0.3,4.6,0.0,5.1,1
VISTEON CORPORATION,B2064,10300 TEXTILE ROAD - RAWSONVILLE,YPSILANTI,48197,562-97,1998-08-25,Rolled into ROP,23.68,9.0,1.0,63230,14.8,63.4,24.6,0.3,5.0,0.1,6.5,1
GREAT LAKES WATER AUTHORITY,B2103,9300 W JEFFERSON AVENUE,DETROIT,48226,252-06,2006-12-21,Rolled into ROP,15.35,9.0,4.0,5948,17.7,48.5,36.8,0.8,9.7,0.0,4.2,2
DETROIT EDISON COMPANY,B2814,541 MADISON AVENUE - BEACON HEATING,DETROIT,48226,63-05,2005-07-26,Rolled into ROP,16.76,9.0,3.0,5948,17.7,48.5,36.8,0.8,9.7,0.0,4.2,2
WYANDOTTE DEPARTMENT OF,B2132,2555 VAN ALSTYNE STREET - POWER,WYANDOTTE,48192,253-98B,2003-06-10,Rolled into ROP,18.89,9.0,3.0,24951,13.5,95.7,0.9,0.2,0.6,0.0,2.7,4
BASF CORPORATION CHEMICAL PLANTS,B4359,1609 BIDDLE AVENUE,WYANDOTTE,48192,229-01,2001-11-28,Rolled into ROP,20.42,9.0,3.0,24951,13.5,95.7,0.9,0.2,0.6,0.0,2.7,4
BASF CORPORATION PLASTICS PLANTS,M4777,1609 BIDDLE AVENUE,WYANDOTTE,48192,59-02A,2003-04-30,Rolled into ROP,19.0,9.0,3.0,24951,13.5,95.7,0.9,0.2,0.6,0.0,2.7,4
BASF WYANDOTTE CORPORATION,M4808,1609 BIDDLE AVENUE,WYANDOTTE,48192,314-05,2006-02-07,Rolled into ROP,16.22,9.0,4.0,24951,13.5,95.7,0.9,0.2,0.6,0.0,2.7,4
"SOLUTIA, INC",B2155,5045 W JEFFERSON AVENUE,TRENTON,48183,172-98,1998-08-18,Rolled into ROP,23.7,9.0,3.0,41758,7.6,89.8,5.0,0.1,2.6,0.0,2.6,3
DETROIT EDISON COMPANY,B2811,4695 W JEFFERSON AVENUE - TRENTON,TRENTON,48183,189-00,2000-11-22,Rolled into ROP,21.43,9.0,3.0,41758,7.6,89.8,5.0,0.1,2.6,0.0,2.6,3
DAIMLERCHRYSLER CORPORATION,B3350,2000 VAN HORN ROAD - TRENTON ENGINE,TRENTON,48183,95-07,2007-04-19,Rolled into ROP,15.03,9.0,2.0,41758,7.6,89.8,5.0,0.1,2.6,0.0,2.6,3
"CARMEUSE LIME & STONE, INC",B2169,25 MARION AVENUE - RIVER ROUGE,RIVER ROUGE,48218,330-07D,2012-02-17,Rolled into ROP,10.2,9.0,3.0,7502,42.2,41.3,48.9,0.4,0.0,0.0,9.5,4
DETROIT EDISON COMPANY,B2810,1 BELANGER PARK DRIVE - RIVER ROUGE,RIVER ROUGE,48218,269-99,1999-12-02,Rolled into ROP,22.41,9.0,3.0,7502,42.2,41.3,48.9,0.4,0.0,0.0,9.5,4
"B P PRODUCTS NORTH AMERICA, INC",B2987,205 MARION AVENUE,RIVER ROUGE,48218,246-96,1999-05-21,Rolled into ROP,22.94,9.0,4.0,7502,42.2,41.3,48.9,0.4,0.0,0.0,9.5,4
U S GYPSUM COMPANY,B3518,2 DIVISION STREET,RIVER ROUGE,48218,183-98,2000-02-15,Rolled into ROP,22.2,9.0,3.0,7502,42.2,41.3,48.9,0.4,0.0,0.0,9.5,4
"VCF FILMS, INC",B2337,"1100 SUTTON AVENUE - DIVISION OF PMC,",HOWELL,48843,87-11,2011-07-21,Rolled into ROP,10.77,9.0,2.0,44707,5.2,95.9,0.5,0.2,1.0,0.2,2.2,2
PANHANDLE EASTERN PIPE LINE,N5572,3990 CROOKED LAKE ROAD,HOWELL,48843,72-20,2020-09-02,Rolled into ROP,1.65,1.65,3.0,44707,5.2,95.9,0.5,0.2,1.0,0.2,2.2,2
HOWARD PLATING INDUSTRIES,B2363,32565 DEQUINDRE ROAD,MADISON HEIGHTS,48071,460-97,1997-11-18,Rolled into ROP,24.44,9.0,3.0,29964,13.6,80.8,8.5,0.4,5.8,0.0,4.5,1
HEMLOCK SEMICONDUCTOR,B2644,12334 GEDDES ROAD,HEMLOCK,48626,91-00,2000-05-24,Rolled into ROP,21.93,9.0,5.0,5817,4.8,98.4,0.7,0.0,0.2,0.0,0.7,1
LANSING BOARD OF WATER & LIGHT,B2647,601 ISLAND AVENUE - ECKERT STATION,LANSING,48910,132-05,2005-07-28,Rolled into ROP,16.75,9.0,3.0,34835,22.7,68.6,17.0,0.7,3.8,0.0,9.9,3
LANSING BOARD OF WATER & LIGHT,B2647,601 ISLAND AVENUE - ECKERT STATION,LANSING,48910,132-05C,2015-05-04,Rolled into ROP,6.99,6.99,3.0,34835,22.7,68.6,17.0,0.7,3.8,0.0,9.9,3
MICHIGAN DEPT OF AGRICULTURE,K3249,4125 BEAUMONT ROAD,EAST LANSING,48910,380-00,2001-06-26,Rolled into ROP,20.84,9.0,3.0,34835,22.7,68.6,17.0,0.7,3.8,0.0,9.9,3
DAIMLERCHRYSLER CORPORATION,B2757,22800 MOUND ROAD,WARREN,48091,194-01,2001-07-19,Rolled into ROP,20.78,9.0,4.0,29667,27.7,55.0,23.8,1.1,16.2,0.0,4.0,2
DAIMLERCHRYSLER CORPORATION,B2767,21500 MOUND ROAD,WARREN,48091,757-87A,1998-11-20,Rolled into ROP,23.44,9.0,3.0,29667,27.7,55.0,23.8,1.1,16.2,0.0,4.0,2
DETROIT EDISON COMPANY,B2796,4901 POINTE DRIVE - SAINT CLAIR POWER,CHINA,48054,383-99,2000-01-04,Rolled into ROP,22.32,9.0,2.0,7012,8.2,96.4,0.9,0.0,0.5,0.0,2.1,2
MICHIGAN CONSOLIDATED GAS COMPANY,B6478,5440 PUTTYGUT ROAD,EAST CHINA TOWNSHIP,48054,206-01,2001-08-09,Rolled into ROP,20.72,9.0,3.0,7012,8.2,96.4,0.9,0.0,0.5,0.0,2.1,2
DETROIT EDISON COMPANY,B2816,3500 E FRONT STREET - MONROE POWER,MONROE,48161,375-00,2001-11-13,Rolled into ROP,20.46,9.0,4.0,25853,17.0,91.4,3.5,0.6,0.6,0.0,3.9,2
GERDAU MACSTEEL MONROE,B7061,3000 E FRONT STREET,MONROE,48161,32-06,2006-03-31,Rolled into ROP,16.08,9.0,5.0,25853,17.0,91.4,3.5,0.6,0.6,0.0,3.9,2
CONSUMERS ENERGY COMPANY,B2835,17000 CROSWELL STREET - J H,WEST OLIVE,49460,158-98,1998-08-28,Rolled into ROP,23.67,9.0,8.0,8610,6.9,94.8,1.1,0.3,0.6,0.0,3.3000000000000003,1
KENT COUNTY DEPT OF PUBLIC WORKS,B2838,156 W FULTON AVENUE - DIST HEAT &,GRAND RAPIDS,49503,115-83B,1997-08-20,Rolled into ROP,24.69,9.0,4.0,36021,24.7,70.9,13.9,0.7,1.8,0.0,12.8,3
PAULSTRA CRC CORPORATION,E5094,460 FULLER AVENUE NE,GRAND RAPIDS,49503,48-95A,1997-11-18,Rolled into ROP,24.44,9.0,5.0,36021,24.7,70.9,13.9,0.7,1.8,0.0,12.8,3
KENT COUNTY DEPT OF PUBLIC WORKS,N1604,950 MARKET AVENUE SW,GRAND RAPIDS,49503,375-87B,2001-07-25,Rolled into ROP,20.76,9.0,8.0,36021,24.7,70.9,13.9,0.7,1.8,0.0,12.8,3
CONSUMERS ENERGY COMPANY,B2840,2742 N WEADOCK HIGHWAY - KARN-,ESSEXVILLE,48732,362-97,1997-07-24,Rolled into ROP,24.76,9.0,3.0,10949,16.0,94.0,2.5,0.2,0.3,0.0,3.0,1
MICHIGAN SUGAR COMPANY,B2873,763 N BECK STREET,SEBEWAING,48759,234-89A,1997-03-12,Rolled into ROP,25.13,9.0,3.0,3181,11.9,98.0,1.1,0.0,0.2,0.0,0.8,2
MICHIGAN SUGAR COMPANY,B2873,763 N BECK STREET,SEBEWAING,48759,90-03B,2005-06-30,Rolled into ROP,16.83,9.0,3.0,3181,11.9,98.0,1.1,0.0,0.2,0.0,0.8,2
MICHIGAN SUGAR COMPANY,B2875,819 PENINSULAR STREET,CARO,48723,255-97,1997-06-26,Rolled into ROP,24.84,9.0,4.0,11599,16.0,96.1,1.3,0.5,0.4,0.0,1.7000000000000002,2
"MICHIGAN ETHANOL, LLC",N6996,1551 EMPIRE DRIVE,CARO,48723,210-01D,2006-10-05,Rolled into ROP,15.57,9.0,4.0,11599,16.0,96.1,1.3,0.5,0.4,0.0,1.7000000000000002,2
MICHIGAN SUGAR COMPANY,B2876,159 S HOWARD AVENUE,CROSWELL,48422,963-89B,1997-03-12,Rolled into ROP,25.13,9.0,4.0,6551,11.6,92.5,0.3,1.0,0.2,0.0,6.0,1
CONSUMERS POWER COMPANY,B2934,27780 BLUE STAR MEMORIAL HIGHWAY,COVERT,49043,183-06,2006-06-21,Rolled into ROP,15.86,9.0,3.0,2099,32.4,53.0,23.8,0.2,0.3,0.0,22.700000000000003,2
COVERT GENERATING COMPANY,N6767,26000 77TH STREET,COVERT,49043,325-00A,2003-01-09,Rolled into ROP,19.3,9.0,3.0,2099,32.4,53.0,23.8,0.2,0.3,0.0,22.700000000000003,2
PACKAGING CORPORATION OF AMERICA,B3692,2246 UDELL STREET - FILER CITY MILL,FILER CITY,49634,145-02,2002-09-17,Rolled into ROP,19.61,9.0,4.0,57,0.0,100.0,0.0,0.0,0.0,0.0,0.0,2
TES FILER CITY STATION,N1685,700 MEE STREET,FILER CITY,49634,519-87F,2000-08-11,Rolled into ROP,21.71,9.0,4.0,57,0.0,100.0,0.0,0.0,0.0,0.0,0.0,2
ANR PIPELINE COMPANY,B3721,7677 230TH AVENUE - REED CITY,REED CITY,49677,420-97A,2001-01-11,Rolled into ROP,21.3,9.0,4.0,7028,17.3,96.1,1.8,0.2,0.2,0.0,1.7000000000000002,1
LANSING BOARD OF WATER & LIGHT,B4001,3725 S CANAL ROAD - ERICKSON STATION,LANSING,48917,141-08,2008-08-26,Rolled into ROP,13.67,9.0,5.0,31682,9.8,73.7,13.9,0.7,5.9,0.0,5.7,3
"DELTA TOWNSHIP UTILITIES, LLC",N6950,8175 MILLETT HIGHWAY - LANSING DELTA,LANSING,48917,272-00A,2005-04-05,Rolled into ROP,17.07,9.0,3.0,31682,9.8,73.7,13.9,0.7,5.9,0.0,5.7,3
NORPLAS INDUSTRIES,P0429,5589 W MOUNT HOPE HIGHWAY -,DELTA TOWNSHIP,48917,38-13,2013-05-03,Rolled into ROP,8.99,8.99,5.0,31682,9.8,73.7,13.9,0.7,5.9,0.0,5.7,3
GENERAL MOTORS CORPORATION,B4032,823 JOSLYN AVENUE - PONTIAC NORTH,PONTIAC,48340,218-04A,2005-05-09,Rolled into ROP,16.97,9.0,2.0,25330,31.3,51.6,34.1,0.4,2.7,0.1,10.9,1
GENERAL MOTORS CORPORATION,B4049,6250 CHICAGO ROAD - TRUCK & COACH,WARREN,48092,298-99,2000-01-18,Rolled into ROP,22.28,9.0,3.0,26737,12.0,73.5,9.1,0.1,14.3,0.1,2.9,1
ROCK-TENN COMPANY,B4072,177 ANGELL STREET,BATTLE CREEK,49037,310-00,2000-12-20,Rolled into ROP,21.36,9.0,3.0,20115,25.6,64.5,23.9,0.2,4.8,0.0,6.7,2
"DENSO MANUFACTURING MICHIGAN, INC",N1192,1 DENSO ROAD,BATTLE CREEK,49037,577-97,1998-02-26,Rolled into ROP,24.17,9.0,4.0,20115,25.6,64.5,23.9,0.2,4.8,0.0,6.7,2
INDIANA MICHIGAN POWER COMPANY,B4252,1 COOK PLACE,BRIDGMAN,49106,34-05,2005-02-16,Rolled into ROP,17.2,9.0,2.0,4814,5.6,96.5,1.1,0.0,0.7,0.0,1.7,2
ANR PIPELINE COMPANY,N5575,3372 BROWNTOWN ROAD,BRIDGMAN,49106,35-03,2003-08-15,Rolled into ROP,18.71,9.0,4.0,4814,5.6,96.5,1.1,0.0,0.7,0.0,1.7,2
"L'ANSE WARDEN ELECTRIC POWER, LLC",B4260,157 S MAIN STREET,L'ANSE,49946,168-07,2007-10-29,Rolled into ROP,14.5,9.0,3.0,3651,14.1,82.1,1.6,9.7,0.2,0.0,6.4,1
SWEPI,B4292,1510 THOMAS ROAD - KALKASKA GAS,KALKASKA,49646,311-72B,1998-03-26,Rolled into ROP,24.09,9.0,4.0,8157,16.7,95.9,0.5,0.8,0.7,0.0,2.1,6
"CODING PRODUCTS, INC",B6175,111 W PARK DRIVE,KALKASKA,49646,321-92C,1998-04-14,Rolled into ROP,24.04,9.0,5.0,8157,16.7,95.9,0.5,0.8,0.7,0.0,2.1,6
ANR STORAGE COMPANY,B7196,4936 STATE ROAD NE,KALKASKA,49646,77-97,1998-06-10,Rolled into ROP,23.89,9.0,4.0,8157,16.7,95.9,0.5,0.8,0.7,0.0,2.1,6
ANR STORAGE COMPANY,B7197,2170 RABOURN ROAD NE,KALKASKA,49646,78-97,1998-06-10,Rolled into ROP,23.89,9.0,4.0,8157,16.7,95.9,0.5,0.8,0.7,0.0,2.1,6
MICHIGAN CONSOLIDATED GAS COMPANY,N3341,250 MICHCON LANE - KALKASKA,KALKASKA,49646,1443-91A,2013-01-18,Rolled into ROP,9.28,9.0,4.0,8157,16.7,95.9,0.5,0.8,0.7,0.0,2.1,6
MICHIGAN PUBLIC POWER AGENCY,N7113,1510 THOMAS ROAD SW,KALKASKA,49646,25-02,2002-05-13,Rolled into ROP,19.96,9.0,4.0,8157,16.7,95.9,0.5,0.8,0.7,0.0,2.1,6
QUANEX CORPORATION,B4306,3100 BROOKLYN ROAD - MACSTEEL,JACKSON,49203,535-96B,1999-11-24,Rolled into ROP,22.43,9.0,5.0,38281,19.0,79.8,13.7,0.2,0.9,0.1,5.4,2
K M POWER COMPANY,N6626,2219 CHAPIN STREET,JACKSON,49203,206-99A,2000-06-26,Rolled into ROP,21.84,9.0,4.0,38281,19.0,79.8,13.7,0.2,0.9,0.1,5.4,2
DTE ELECTRIC COMPANY,B4321,6400 N DIXIE HIGHWAY,NEWPORT,48166,462-99B,2004-09-16,Rolled into ROP,17.62,9.0,5.0,11751,19.3,93.3,3.4,0.3,0.4,0.0,2.6,1
"TILDEN MINING COMPANY, LC",B4885,1 TILDEN MINE ROAD,ISHPEMING,49849,70-02,2002-06-28,Rolled into ROP,19.84,9.0,5.0,12118,10.4,95.1,0.8,0.4,0.8,0.0,3.0,1
"DOW AGROSCIENCES, LLC",B4942,305 N HURON AVENUE,HARBOR BEACH,48441,142-95A,1998-10-22,Rolled into ROP,23.52,9.0,4.0,4004,12.7,96.0,0.8,0.8,0.9,0.0,1.5,1
"AJAX METAL PROCESSING, INC",B5830,4651 BELLEVUE AVENUE,DETROIT,48207,14-05,2005-01-25,Rolled into ROP,17.26,9.0,4.0,20439,33.6,17.7,77.5,0.3,2.2,0.0,2.3,1
"ROMEO RIM, INC",B5854,74000 VAN DYKE ROAD,ROMEO,48065,407-97,1997-10-13,Rolled into ROP,24.54,9.0,5.0,11002,5.9,93.3,2.8,0.0,1.3,0.0,2.6,3
WASHINGTON 10 STORAGE,N3391,12700 30 MILE ROAD,WASHINGTON,48065,459-97A,2001-05-04,Rolled into ROP,20.99,9.0,5.0,11002,5.9,93.3,2.8,0.0,1.3,0.0,2.6,3
VECTOR PIPELINE LP,N7624,E 1/2 SE 1/4 NW 1/4 SEC 36,MACOMB TOWNSHIP,48065,182-06A,2008-08-14,Rolled into ROP,13.71,9.0,4.0,11002,5.9,93.3,2.8,0.0,1.3,0.0,2.6,3
DETROIT EDISON COMPANY,B6145,7000 KILGORE ROAD - GREENWOOD,AVOCA,48006,180-72C,2001-07-19,Rolled into ROP,20.78,9.0,3.0,4028,10.7,96.6,0.4,0.0,0.3,0.0,2.7,1
FORD MOTOR COMPANY,B6230,21500 OAKWOOD BLVD - RESEARCH &,DEARBORN,48124,392-94A,1997-03-27,Rolled into ROP,25.09,9.0,2.0,28359,12.0,90.8,4.5,0.2,1.3,0.0,3.3,1
MICHIGAN CONSOLIDATED GAS COMPANY,B6480,1647 CAUGHILL ROAD,COLUMBUS,48063,446-97B,1999-11-12,Rolled into ROP,22.46,9.0,4.0,3993,4.0,95.0,2.6,0.0,0.0,0.0,2.4,1
"AFCO INDUSTRIES, INC",B6614,615 E 40TH STREET,HOLLAND,49423,192-02,2003-05-29,Rolled into ROP,18.92,9.0,3.0,41484,10.8,84.5,3.4,0.5,2.5,0.0,9.0,6
TIARA YACHTS,B6619,725 E 40TH STREET - DIVISION OF S2,HOLLAND,49423,433-96,1997-12-03,Rolled into ROP,24.4,9.0,4.0,41484,10.8,84.5,3.4,0.5,2.5,0.0,9.0,6
"HAWORTH, INC",B7186,1 HAWORTH CENTER,HOLLAND,49423,614-85D,1998-09-17,Rolled into ROP,23.61,9.0,3.0,41484,10.8,84.5,3.4,0.5,2.5,0.0,9.0,6
SHERWIN-WILLIAMS COMPANY,B7711,636 E 40TH STREET,HOLLAND,49423,564-96,1997-01-29,Rolled into ROP,25.25,9.0,3.0,41484,10.8,84.5,3.4,0.5,2.5,0.0,9.0,6
HOLLAND BOARD OF PUBLIC WORKS,N2586,491 E 48TH STREET,HOLLAND,49423,314-99A,2000-06-30,Rolled into ROP,21.83,9.0,3.0,41484,10.8,84.5,3.4,0.5,2.5,0.0,9.0,6
HOLLAND BOARD OF PUBLIC WORKS,P0465,1 ENERGY PARK WAY,HOLLAND,49423,107-13F,2018-03-05,Rolled into ROP,4.15,4.15,5.0,41484,10.8,84.5,3.4,0.5,2.5,0.0,9.0,6
CONSUMERS ENERGY COMPANY,B6636,69333 OMO ROAD,ARMADA,48005,448-97,1998-04-06,Rolled into ROP,24.06,9.0,1.0,5439,4.9,97.0,0.8,0.4,0.2,0.0,1.7,1
CONSUMERS ENERGY COMPANY,B6637,10021 MARINE CITY HIGHWAY,SAINT CLAIR,48023,449-97,1998-04-06,Rolled into ROP,24.06,9.0,2.0,5094,7.8,98.4,1.0,0.1,0.0,0.0,0.6000000000000001,1
"HURON CASTING, INC",B7013,7050 HARTLEY STREET & 125 STURM,PIGEON,48755,538-96A,1997-02-03,Rolled into ROP,25.23,9.0,5.0,2968,9.1,96.0,1.1,0.3,0.4,0.0,2.2,1
CHAMPION INTERNATIONAL,B7192,6791 US-2 WEST,QUINNESEC,49876,24-90A,1997-06-19,Rolled into ROP,24.86,9.0,3.0,1198,5.2,100.0,0.0,0.0,0.0,0.0,0.0,1
ANR STORAGE COMPANY,B7198,10000 PFLUM ROAD NE - COLD SPRINGS 1,MANCELONA,49659,79-97A,2001-01-22,Rolled into ROP,21.27,9.0,2.0,6769,16.2,95.1,0.9,0.9,0.6,0.0,2.5,1
"GUARDIAN FIBERGLASS, INC",B7205,1000 E NORTH STREET,ALBION,49224,282-02D,2007-02-05,Rolled into ROP,15.23,9.0,3.0,12377,21.5,75.0,19.6,0.5,0.3,0.0,4.5,2
"ANDERSONS ALBION ETHANOL, LLC (THE)",B8570,26250 B DRIVE NORTH,SHERIDAN TOWNSHIP,49224,120-05H,2014-07-28,Rolled into ROP,7.75,7.75,3.0,12377,21.5,75.0,19.6,0.5,0.3,0.0,4.5,2
ANR PIPELINE COMPANY,B7219,6327 OLD STATE ROAD - SOUTH CHESTER,GAYLORD,49751,75-97,1997-10-24,Rolled into ROP,24.51,9.0,4.0,2016,10.4,97.0,0.0,1.6,0.6,0.1,0.5,3
ANR PIPELINE COMPANY,B7390,14490 BECKETT ROAD - CENTRAL,JOHANNESBURG,49751,576-96,1997-10-24,Rolled into ROP,24.51,9.0,4.0,2016,10.4,97.0,0.0,1.6,0.6,0.1,0.5,3
CMS ANTRIM GAS COMPANY,N2940,"NW 1/4 SEC 17, T29N, R2W",SOUTH CHESTER,49751,569-96,1997-05-20,Rolled into ROP,24.94,9.0,4.0,2016,10.4,97.0,0.0,1.6,0.6,0.1,0.5,3
DTE GAS COMPANY,B7221,3515 CHILDS LAKE ROAD - MILFORD,MILFORD,48381,209-16,2017-01-26,Rolled into ROP,5.25,5.25,3.0,13407,7.3,94.9,0.8,0.5,1.3,0.0,2.5,1
"SOUR GAS VENTURES, LLC",B7222,"SEC 15, T28N, R4W - FREDERIC 15 GAS",FREDERIC,49348,295-81E,2001-06-29,Rolled into ROP,20.83,9.0,5.0,12378,6.7,93.6,1.5,0.1,0.8,0.0,4.0,1
JAGUAR ENERGY,B7222,"SEC 15, T28N, R4W - FREDERIC 15 GAS",FREDERIC,49733,377-07,2007-12-18,Rolled into ROP,14.36,9.0,5.0,2064,17.7,96.3,0.0,0.9,0.0,0.0,2.7,1
GENERAL MOTORS CORPORATION,B7227,4555 GIDDINGS ROAD - BOC,ORION,48359,208-80B,1997-12-10,Rolled into ROP,24.38,9.0,1.0,9695,8.1,83.2,6.0,0.6,5.5,0.0,4.7,1
DAIMLERCHRYSLER CORPORATION,B7248,38111 VAN DYKE AVENUE,STERLING HEIGHTS,48312,263-80D,1999-12-21,Rolled into ROP,22.36,9.0,3.0,34547,9.6,79.4,8.4,0.1,8.6,0.0,3.5,1
LEAR CORPORATION,B7294,505 HOOVER STREET,FARWELL,48622,91-06C,2012-06-13,Rolled into ROP,9.88,9.0,3.0,5762,13.3,97.0,1.2,0.6,0.2,0.0,0.8999999999999999,1
WEYERHAEUSER COMPANY,B7302,4111 W 4 MILE ROAD,GRAYLING,49738,535-94A,2002-02-22,Rolled into ROP,20.18,9.0,4.0,9598,17.1,96.3,1.0,0.1,1.3,0.0,1.3,2
GRAYLING GENERATING STATION,N2388,4400 W 4 MILE ROAD,GRAYLING,49738,882-89E,2001-09-18,Rolled into ROP,20.61,9.0,2.0,9598,17.1,96.3,1.0,0.1,1.3,0.0,1.3,2
HILLSDALE BOARD OF PUBLIC UTILITIES,B7536,201 WATERWORKS AVENUE,HILLSDALE,49242,198-99,1999-06-10,Rolled into ROP,22.89,9.0,3.0,13384,20.0,95.9,1.2,0.1,0.9,0.0,1.9,1
"LAFATA ENTERPRISES, INC",B7625,50905 HAYES ROAD,SHELBY TOWNSHIP,48315,295-04,2005-07-06,Rolled into ROP,16.81,9.0,4.0,27401,4.7,91.6,2.5,0.0,3.7,0.0,2.2,1
ANR PIPELINE COMPANY,B8337,36555 29 MILE ROAD,MUTTONVILLE,48014,579-96,1997-10-24,Rolled into ROP,24.51,9.0,5.0,4097,7.9,92.0,0.2,0.1,0.0,0.0,7.6,1
GREAT LAKES GAS TRANSMISSION,B8573,10339 GREAT LAKES ROAD,BOYNE FALLS,49713,438-87B,1999-02-16,Rolled into ROP,23.2,9.0,4.0,2091,9.9,95.6,0.5,1.3,0.0,0.0,2.6,1
"VOLTEK, INC",B8786,17 ALLEN AVENUE,COLDWATER,49036,422-99,2000-03-29,Rolled into ROP,22.08,9.0,3.0,21278,13.5,91.0,4.3,0.6,1.2,0.0,2.9,4
"ASAMA COLDWATER MANUFACTURING,",N5814,180 ASAMA PARKWAY,COLDWATER,49036,139-96C,2004-02-25,Rolled into ROP,18.17,9.0,4.0,21278,13.5,91.0,4.3,0.6,1.2,0.0,2.9,4
IMCO RECYCLING OF MICHIGAN,N5957,267 N FILLMORE ROAD - SOUTH PLANT,COLDWATER,49036,321-96A,1998-08-03,Rolled into ROP,23.74,9.0,4.0,21278,13.5,91.0,4.3,0.6,1.2,0.0,2.9,4
MICHIGAN SOUTH CENTRAL POWER,N6885,SE CORNER OF E STATE STREET,COLDWATER,49036,320-00,2000-12-01,Rolled into ROP,21.41,9.0,,21278,13.5,91.0,4.3,0.6,1.2,0.0,2.9,4
MARATHON ASHLAND PETROLEUM,B9073,2216 S 3RD STREET,NILES,49120,75-98,1998-06-10,Rolled into ROP,23.89,9.0,2.0,35993,14.8,88.5,6.6,0.6,0.6,0.0,3.7,3
TOEFCO ENGINEERED COATING SYSTEMS,N2610,1220 N 14TH STREET,NILES,49120,214-03,2003-09-10,Rolled into ROP,18.63,9.0,5.0,35993,14.8,88.5,6.6,0.6,0.6,0.0,3.7,3
TOEFCO ENGINEERED COATING SYSTEMS,P0708,1919 INDUSTRIAL DRIVE,NILES,49120,86-16,2016-07-22,Rolled into ROP,5.77,5.77,2.0,35993,14.8,88.5,6.6,0.6,0.6,0.0,3.7,3
"MARSHALL, CITY OF",C6230,906 S MARSHALL AVENUE,MARSHALL,49068,257-04,2004-10-26,Rolled into ROP,17.51,9.0,2.0,14529,10.0,98.0,0.3,0.0,0.8,0.0,0.7999999999999999,3
"GAS RECOVERY SYSTEMS, LLC",N2896,14800 P DRIVE NORTH,MARSHALL,49068,132-06,2006-06-26,Rolled into ROP,15.84,9.0,3.0,14529,10.0,98.0,0.3,0.0,0.8,0.0,0.7999999999999999,3
ALTERNATIVE POWER LP,P0222,19401 15 MILE ROAD,MARSHALL,49068,332-97,1997-08-29,Rolled into ROP,24.67,9.0,3.0,14529,10.0,98.0,0.3,0.0,0.8,0.0,0.7999999999999999,3
DART CONTAINER CORPORATION OF,D8065,3120 HOWELL ROAD,MASON,48854,728-96,1997-05-08,Rolled into ROP,24.98,9.0,2.0,19172,7.6,93.0,2.5,0.2,1.8,0.0,2.5,1
WILLIAM BEAUMONT HOSPITAL,G5067,3601 W 13 MILE ROAD,ROYAL OAK,48073,33-01,2002-06-26,Rolled into ROP,19.84,9.0,5.0,34420,7.0,89.4,4.2,0.1,4.7,0.1,1.5,1
SMELTZER ENTERPRISES,K0291,10600 GRATIOT AVENUE,DETROIT,48213,62-97,1997-12-01,Rolled into ROP,24.41,9.0,,21811,39.4,2.5,97.0,0.2,0.1,0.0,0.3,1
HENRY FORD HOSPITAL,K1271,2799 W GRAND BLVD,DETROIT,48202,307-99,2000-01-04,Rolled into ROP,22.32,9.0,3.0,14282,36.8,24.7,66.4,0.7,4.7,0.1,3.4,1
WESTERN MICHIGAN UNIVERSITY,K2131,1903 W MICHIGAN AVENUE - KRPH,KALAMAZOO,49008,2-91D,1998-11-13,Rolled into ROP,23.46,9.0,2.0,15548,19.4,80.5,9.7,0.2,3.2,0.0,6.4,1
CENTRAL MICHIGAN UNIVERSITY,K2460,1720 S EAST CAMPUS DRIVE -,MOUNT PLEASANT,48858,80-99,1999-05-17,Rolled into ROP,22.95,9.0,2.0,44171,31.7,85.1,3.6,4.0,2.5,0.0,4.9,1
UNIVERSITY OF MICHIGAN,M0675,1120 E HURON STREET - CENTRAL,ANN ARBOR,48104,42-98,1998-10-06,Rolled into ROP,23.56,9.0,3.0,40120,35.0,78.3,4.7,0.2,12.6,0.1,4.1,1
UNIVERSITY OF MICHIGAN,M0675,1500 E MEDICAL CENTER DRIVE,ANN ARBOR,48109,359-01,2002-04-25,Rolled into ROP,20.01,9.0,3.0,26,73.1,66.7,7.4,0.4,21.3,0.0,4.1,1
"CHRYSLER GROUP, LLC",M4085,11570 E WARREN AVENUE - MACK ENGINE,DETROIT,48214,261-99B,2013-07-18,Rolled into ROP,8.78,8.78,5.0,21055,32.3,18.0,79.6,0.2,0.4,0.0,1.7999999999999998,1
DETROIT METROPOLITAN WAYNE,M4174,L C SMITH TERMINAL,ROMULUS,48174,87-07,2007-03-07,Rolled into ROP,15.15,9.0,2.0,31324,16.2,61.6,32.4,0.1,2.1,0.0,3.8,1
GENERAL MOTORS CORPORATION,M4199,2500 E GENERAL MOTORS BLVD -,DETROIT,48211,8-03,2003-02-12,Rolled into ROP,19.21,9.0,3.0,5551,45.2,39.3,51.4,0.2,1.9,0.0,7.2,1
"W INDUSTRIES, INC",M4456,20101 HOOVER ROAD - PLANT #6,DETROIT,48205,299-08,2009-02-03,Rolled into ROP,13.23,9.0,0.0,33108,25.8,3.6,94.6,0.2,0.7,0.1,0.8999999999999999,1
RIVERVIEW ENERGY SYSTEMS,M4469,20000 GRANGE ROAD,RIVERVIEW,48193,250-00,2002-05-03,Rolled into ROP,19.99,9.0,3.0,15208,11.4,87.0,6.6,0.1,4.0,0.0,2.3,1
FORD MOTOR COMPANY,M4734,35500 PLYMOUTH ROAD - AUTO,LIVONIA,48150,292-05,2005-11-28,Rolled into ROP,16.42,9.0,3.0,25666,5.9,91.2,3.9,0.1,2.3,0.0,2.6,1
E Q ENVIRONMENTAL QUALITY COMPANY,M4782,49350 N I-94 SERVICE DRIVE,BELLEVILLE,48111,107-03,2003-06-03,Rolled into ROP,18.91,9.0,4.0,40681,10.8,71.2,22.6,0.1,1.0,0.0,5.0,2
FIRSTENERGY GENERATION,M4854,8509 RAWSONVILLE ROAD,BELLEVILLE,48111,247-00C,2006-06-07,Rolled into ROP,15.89,9.0,4.0,40681,10.8,71.2,22.6,0.1,1.0,0.0,5.0,2
MOLDED PLASTIC INDUSTRIES,N0034,2382 JARCO DRIVE,HOLT,48842,106-18,2018-11-05,Rolled into ROP,3.48,3.48,1.0,21877,11.6,82.8,7.4,0.2,4.2,0.0,5.3,1
"STEELCASE, INC",N0677,4386 52ND STREET SE,KENTWOOD,49508,664-86A,1999-01-25,Rolled into ROP,23.26,9.0,4.0,39241,10.4,59.4,24.9,0.3,9.7,0.0,5.7,2
WORTHEN COATED FABRICS,P0634,1125 41ST STREET SE,GRAND RAPIDS,49508,151-15,2015-09-14,Rolled into ROP,6.62,6.62,4.0,39241,10.4,59.4,24.9,0.3,9.7,0.0,5.7,2
"STEELCASE, INC",N0677,4100 68TH STREET SE,CALEDONIA,49316,286-99,2000-01-06,Rolled into ROP,22.31,9.0,4.0,23192,5.6,90.4,2.7,0.1,3.8,0.0,3.0,1
LOUISIANA-PACIFIC CORPORATION,N0780,461 MILLER ROAD,NEWBERRY,49868,254-84G,1998-07-09,Rolled into ROP,23.81,9.0,4.0,4228,17.5,76.0,8.1,7.6,0.6,0.2,7.5,1
"ALBAR INDUSTRIES, INC",N0802,780 WHITNEY DRIVE,LAPEER,48446,334-89C,2000-08-23,Rolled into ROP,21.68,9.0,1.0,29372,11.6,93.5,3.2,0.2,0.7,0.1,2.3,1
MORGAN OLSON CORPORATION,N0879,1861 S CENTERVILLE ROAD,STURGIS,49091,367-07B,2008-03-31,Rolled into ROP,14.08,9.0,4.0,19369,19.0,91.6,0.6,0.7,0.0,0.2,7.0,1
VIKING ENERGY OF LINCOLN,N0890,509 W STATE STREET,LINCOLN,48742,260-86C,1997-01-30,Rolled into ROP,25.24,9.0,4.0,1586,14.2,98.3,0.2,0.2,0.0,0.0,1.4,1
"LACKS ENTERPRISES, INC",N0895,4260 AIRLANE DRIVE SE,KENTWOOD,49512,285-01,2001-10-23,Rolled into ROP,20.52,9.0,4.0,17528,8.7,62.6,28.4,0.2,6.7,0.2,1.9,3
"LACKS ENTERPRISES, INC",N2079,4375 52ND STREET SE,KENTWOOD,49512,80-89C,2000-06-30,Rolled into ROP,21.83,9.0,2.0,17528,8.7,62.6,28.4,0.2,6.7,0.2,1.9,3
KAWASAKI MOTORS CORP USA,P0677,5080 36TH STREET SE,GRAND RAPIDS,49512,230-15,2016-03-10,Rolled into ROP,6.14,6.14,3.0,17528,8.7,62.6,28.4,0.2,6.7,0.2,1.9,3
AUTOALLIANCE INTERNATIONAL,N0929,1 INTERNATIONAL DRIVE,FLAT ROCK,48134,181-04,2004-08-04,Rolled into ROP,17.73,9.0,3.0,21908,10.7,88.0,6.6,0.2,1.4,0.0,3.8,1
VIKING ENERGY OF MCBAIN,N1160,6751 W GERWOUDE DRIVE,MCBAIN,49657,261-86G,1999-10-07,Rolled into ROP,22.56,9.0,4.0,3607,9.4,97.0,0.5,0.1,0.0,0.0,2.5,1
"HILLMAN POWER COMPANY, LLC",N1266,750 PROGRESS STREET,HILLMAN,49746,687-86G,2002-03-13,Rolled into ROP,20.13,9.0,3.0,3249,14.6,97.9,0.5,0.0,0.4,0.0,1.3,1
LOUISIANA-PACIFIC CORPORATION,N1315,N5804 HIGHWAY M-95 SOUTH - SAGOLA,SAGOLA,49881,19-88F,2000-09-19,Rolled into ROP,21.61,9.0,4.0,298,7.7,97.0,0.0,0.0,0.0,0.0,3.0,1
"MAYCO PLASTICS, INC",N1316,42400 MERRILL ROAD,STERLING HEIGHTS,48314,108-04,2004-04-22,Rolled into ROP,18.02,9.0,5.0,20560,9.8,85.7,4.4,0.1,8.0,0.0,1.7,1
ENERGY DEVELOPMENTS BYRON,N1324,10300 S KENT DRIVE SW,BYRON CENTER,49315,212-08B,2020-05-28,Rolled into ROP,1.92,1.92,5.0,23148,3.3,91.3,1.4,0.5,3.6,0.0,3.2,2
"FALCON MANUFACTURING OF MICHIGAN,",N1794,8240 BYRON CENTER ROAD,BYRON CENTER,49315,423-97,1997-10-29,Rolled into ROP,24.5,9.0,4.0,23148,3.3,91.3,1.4,0.5,3.6,0.0,3.2,2
DAIMLERCHRYSLER CORPORATION,N1436,800 CHRYSLER DRIVE,AUBURN HILLS,48326,633-86E,2000-05-15,Rolled into ROP,21.96,9.0,4.0,22265,11.9,60.3,16.4,0.3,18.2,0.2,4.7,2
"OAKLAND HEIGHTS DEVELOPMENT, INC",N6008,2350 BROWN ROAD,AUBURN HILLS,48326,11-15,2015-02-27,Rolled into ROP,7.17,7.17,4.0,22265,11.9,60.3,16.4,0.3,18.2,0.2,4.7,2
"MICHIGAN AUTOMOTIVE COMPRESSOR,",N1966,2400 N DEARING ROAD,PARMA,49269,137-01,2001-09-25,Rolled into ROP,20.59,9.0,2.0,6125,9.0,97.4,0.5,0.3,0.0,0.0,1.7000000000000002,1
DAIMLERCHRYSLER CORPORATION,N2155,2101 CONNER STREET - JEFFERSON,DETROIT,48215,32-95C,2001-05-29,Rolled into ROP,20.92,9.0,2.0,11633,40.2,9.7,87.8,0.0,0.3,0.0,2.2,1
DAIMLERCHRYSLER CORPORATION,N2155,2101 CONNER STREET - JEFFERSON,DETROIT,48225,615-86A,2002-10-08,Rolled into ROP,19.56,9.0,2.0,13957,18.8,31.8,61.0,0.3,2.2,0.0,4.8,1
"DGP, INC",N2383,3260 FENNER STREET,MARLETTE,48453,184-02,2004-03-17,Rolled into ROP,18.12,9.0,3.0,5096,24.5,96.1,0.9,0.2,0.5,0.0,2.2,1
"FOREST LAWN LANDFILL, INC",N2407,8230 W FOREST LAWN ROAD,THREE OAKS,49128,54-05,2005-04-19,Rolled into ROP,17.03,9.0,3.0,3390,17.5,97.4,0.3,0.4,0.3,0.0,1.7,1
"OWOSSO COMPOSITE, LLC",N2430,401 S DELANEY ROAD,OWOSSO,48867,129-16B,2018-08-29,Rolled into ROP,3.67,3.67,1.0,26808,12.3,96.6,0.8,0.1,0.2,0.1,2.2,1
BEHR INDUSTRIES CORPORATION,N2614,1020 7 MILE ROAD NW,COMSTOCK PARK,49321,127-99,1999-06-22,Rolled into ROP,22.85,9.0,5.0,17056,10.7,88.2,4.6,0.5,1.9,0.0,4.8,1
BROWNING-FERRIS GAS SERVICES,N2688,10611 5 MILE ROAD - ARBOR HILLS,NORTHVILLE,48168,913-90D,1997-11-18,Rolled into ROP,24.44,9.0,4.0,22825,1.6,78.7,2.3,0.2,15.7,0.0,3.2,1
CENTRAL SANITARY LANDFILL,N2804,21545 CANNONSVILLE ROAD,PIERSON,49339,80-04,2004-05-04,Rolled into ROP,17.99,9.0,4.0,2156,7.1,90.6,1.3,0.7,0.1,0.0,7.3,1
LEXAMAR CORPORATION,N2812,100 LEXAMAR DRIVE,BOYNE CITY,49712,397-94B,2001-05-08,Rolled into ROP,20.98,9.0,4.0,7970,6.1,95.4,0.2,1.1,0.9,0.2,2.1,1
CONSUMERS ENERGY COMPANY,N2901,8613 PINE ROAD - MUSKEGON RIVER,MARION,49665,161-01,2001-09-04,Rolled into ROP,20.65,9.0,4.0,4134,20.4,96.9,0.2,1.4,0.3,0.0,1.1,1
"TOYOTA TECHNICAL CENTER USA, INC",N2915,1555 & 1588 WOODRIDGE ROAD,ANN ARBOR,48105,45-03C,2008-05-20,Rolled into ROP,13.94,9.0,4.0,33312,17.6,58.5,6.4,0.2,30.8,0.0,4.2,1
EATON RAPIDS GAS STORAGE SYSTEMS,N3022,3349 S WAVERLY ROAD,EATON RAPIDS,48827,76-97,1997-11-17,Rolled into ROP,24.45,9.0,3.0,16033,8.9,96.5,1.2,0.2,0.5,0.0,1.6,1
GRANGER ELECTRIC COMPANY,N3294,15550 68TH AVENUE,COOPERSVILLE,49404,173-05,2005-09-08,Rolled into ROP,16.64,9.0,4.0,8517,7.0,94.8,0.1,1.0,0.4,0.0,3.8,1
WASHINGTON 10 STORAGE,N3391,12700 30 MILE ROAD,WASHINGTON,48095,28-04A,2005-01-20,Rolled into ROP,17.27,9.0,5.0,5765,2.8,94.3,0.9,0.1,2.3,0.0,2.4,1
"GENESEE POWER STATION, LTD",N3570,G5310 N DORT HIGHWAY,FLINT,48505,579-92A,2000-03-02,Rolled into ROP,22.16,9.0,4.0,20286,41.8,12.5,80.0,0.2,0.1,0.0,7.1000000000000005,2
"UNIVERSAL COATING, INC",N7256,5204 ENERGY DRIVE,FLINT,48505,96-03D,2017-02-23,Rolled into ROP,5.18,5.18,2.0,20286,41.8,12.5,80.0,0.2,0.1,0.0,7.1000000000000005,2
"D & R FABRICATION, INC",N3748,200 N GOODING STREET,BELDING,48809,160-99,2001-10-26,Rolled into ROP,20.51,9.0,5.0,10608,14.3,95.9,0.0,0.0,0.1,0.0,3.9,1
DONNELLY CORPORATION,N5056,700 S PARK DRIVE,NEWAYGO,49337,450-93B,2000-11-28,Rolled into ROP,21.42,9.0,4.0,11988,16.8,94.7,0.9,0.3,0.1,0.1,3.7,2
MAGNA DONNELLY CORPORATION,N5056,700 S PARK DRIVE,NEWAYGO,49337,450-93D,2007-02-26,Rolled into ROP,15.17,9.0,4.0,11988,16.8,94.7,0.9,0.3,0.1,0.1,3.7,2
"UNITED STATES MARBLE, INC",N5101,7839 COSTABELLA ROAD,REMUS,49340,218-98A,2005-09-08,Rolled into ROP,16.64,9.0,4.0,2770,18.3,91.0,1.5,0.6,0.4,0.0,6.5,1
NORTH AMERICAN NATURAL,N5397,4516 RATHBUN ROAD,BIRCH RUN,48415,321-06,2007-03-28,Rolled into ROP,15.09,9.0,4.0,9069,6.6,98.3,1.2,0.0,0.0,0.0,0.4,1
NORTH AMERICAN NATURAL,N5432,3200 CHAMBERLAIN ROAD,BUCHANAN,49107,296-08,2008-11-12,Rolled into ROP,13.46,9.0,3.0,10378,9.3,88.1,6.1,0.7,0.2,0.0,4.9,1
ANR PIPELINE COMPANY,N5576,6759 E 5 MILE ROAD - GOODWILL,WHITE CLOUD,49349,317-06,2007-01-19,Rolled into ROP,15.27,9.0,3.0,7565,18.9,92.5,2.3,2.1,0.3,0.0,2.8,1
GREAT LAKES GAS TRANSMISSION,N5581,3400 HICKORY AVENUE,LAKE GEORGE,48633,513-97,1997-12-12,Rolled into ROP,24.38,9.0,4.0,107,14.0,100.0,0.0,0.0,0.0,0.0,0.0,1
"LYONS INDUSTRIES, INC",N5599,30000 M-62 WEST,DOWAGIAC,49047,320-95B,1999-11-03,Rolled into ROP,22.49,9.0,4.0,14620,16.6,82.6,7.2,2.5,0.5,0.0,7.3,1
"NYLOK, LLC",N5656,15260 HALLMARK COURT,MACOMB,48042,140-11,2011-11-10,Rolled into ROP,10.47,9.0,3.0,31441,5.3,92.7,2.4,0.1,3.3,0.0,1.4,1
GRANGER ELECTRIC COMPANY,N5719,3290 HENNESEY ROAD,WATERVLIET,49098,98-12,2012-08-27,Rolled into ROP,9.67,9.0,3.0,5748,20.1,87.9,5.0,0.6,0.5,0.0,6.0,1
"QUICKSILVER RESOURCES, INC",N5831,"SW 1/4 SEC 29, T29N, R4W - Wilderness",SOUTH HAYES TOWNSHIP,49735,86-05A,2006-03-20,Rolled into ROP,16.11,9.0,4.0,19372,14.1,95.2,0.8,0.3,0.6,0.0,3.1,3
"CMS GENERATION MI POWER, LLC",N6526,155 N TOWNLINE ROAD,GAYLORD,49735,302-98C,2000-08-15,Rolled into ROP,21.7,9.0,3.0,19372,14.1,95.2,0.8,0.3,0.6,0.0,3.1,3
WOLVERINE POWER SUPPLY,N6833,"SW 1/4 SEC 7, T30N, R3W",BAGLEY TOWNSHIP,49735,200-00,2000-07-25,Rolled into ROP,21.76,9.0,4.0,19372,14.1,95.2,0.8,0.3,0.6,0.0,3.1,3
RAVENNA CASTINGS CENTER,N5866,3800 ADAMS ROAD,RAVENNA,49451,418-95A,2000-04-04,Rolled into ROP,22.07,9.0,5.0,6003,11.0,97.4,0.4,0.4,0.4,0.0,1.4,1
WASTE MANAGEMENT OF MICHIGAN,N5910,9536 E LENNON ROAD - VENICE PARK RDF,LENNON,48449,72-96A,1998-01-05,Rolled into ROP,24.31,9.0,5.0,2853,9.4,95.4,0.7,0.1,0.1,0.0,3.7,1
POTLATCH FOREST PRODUCTS,N5940,650 AVENUE A,GWINN,49841,128-02,2004-06-09,Rolled into ROP,17.89,9.0,5.0,7253,19.7,92.0,1.1,1.9,0.8,0.0,4.2,1
"PINE TREE ACRES, INC & ASSOCIATES",N5984,36600 29 MILE ROAD,LENOX,48048,160-05,2005-09-28,Rolled into ROP,16.58,9.0,4.0,7922,9.4,87.1,6.5,0.1,0.0,0.0,6.3,1
SUMPTER ENERGY ASSOCIATES,N5986,NE NE SEC 27,NEW BOSTON,48393,62-01,2001-12-20,Rolled into ROP,20.36,9.0,4.0,17042,10.4,76.0,14.5,0.4,6.0,0.0,3.1,2
"EAGLE INDUSTRIES, INC",N7578,30926 CENTURY DRIVE,WIXOM,48393,4-06B,2011-05-16,Rolled into ROP,10.95,9.0,5.0,17042,10.4,76.0,14.5,0.4,6.0,0.0,3.1,2
SUMPTER ENERGY ASSOCIATES,N5986,28800 CLARK ROAD - CARLETON FARMS,NEW BOSTON,48164,62-01B,2005-03-04,Rolled into ROP,17.15,9.0,4.0,8713,4.1,96.0,1.2,0.3,0.9,0.0,1.6,1
"GRANGER ELECTRIC OF BRENT RUN, LLC",N5987,8335 VIENNA ROAD,MONTROSE,48457,105-12A,2013-05-31,Rolled into ROP,8.91,8.91,3.0,8021,14.1,94.8,1.5,0.8,0.2,0.0,2.7,1
"CITIZENS DISPOSAL, INC",N5991,2361 W GRAND BLANC ROAD,GRAND BLANC,48439,331-08,2008-12-10,Rolled into ROP,13.38,9.0,3.0,48375,7.0,84.2,10.2,0.2,3.2,0.0,2.3000000000000003,1
GRANGER ELECTRIC COMPANY,N5997,16980 WOOD ROAD,LANSING,48906,357-07,2008-01-30,Rolled into ROP,14.25,9.0,3.0,26196,22.0,72.2,14.4,0.6,1.9,0.0,10.8,1
MIDLAND MUNICIPAL SOLID WASTE,N6004,4311 E ASHMAN STREET,MIDLAND,48642,366-07,2007-12-19,Rolled into ROP,14.36,9.0,2.0,32702,8.5,90.6,1.5,0.6,3.9,0.1,3.3,1
SAUK TRAIL HILLS DEVELOPMENT,N6009,5011 S LILLEY ROAD - ADRIAN LANDFILL,CANTON TOWNSHIP,48188,122-11,2011-11-09,Rolled into ROP,10.47,9.0,3.0,41838,5.8,63.2,10.9,0.4,22.1,0.0,3.5,2
"CANTON RENEWABLES, LLC",P0270,4345 S LILLEY ROAD,CANTON TOWNSHIP,48188,98-11A,2012-02-16,Rolled into ROP,10.2,9.0,3.0,41838,5.8,63.2,10.9,0.4,22.1,0.0,3.5,2
BREMBO NORTH AMERICA,N6226,29991 M-60 EAST,HOMER,49245,145-12A,2013-12-05,Rolled into ROP,8.4,8.4,4.0,4677,13.0,97.3,0.0,0.6,0.0,0.0,2.1,1
"FEDERAL-MOGUL POWERTRAIN, INC",N6327,47001 PORT STREET,PLYMOUTH,48170,368-97B,2003-07-21,Rolled into ROP,18.77,9.0,3.0,39307,4.7,92.9,1.4,0.1,3.6,0.0,1.9,1
"ADVANCED FIBERMOLDING, INC",N6515,23773 14 MILE ROAD,LEROY,49655,490-97,1998-07-30,Rolled into ROP,23.75,9.0,4.0,3507,15.4,98.2,0.4,0.2,0.0,0.0,1.2000000000000002,1
"CMS GENERATION MI POWER, LLC",N6731,"E 1/2 SEC 20, T2S, R10W",COMSTOCK TOWNSHIP,49048,313-98B,1999-05-06,Rolled into ROP,22.98,9.0,3.0,25020,19.2,67.9,21.7,0.3,2.3,0.3,7.5,1
VECTOR PIPELINE LP,N6838,HIGHLAND COMPRESSOR STATION,HIGHLAND TOWNSHIP,48356,166-00A,2002-03-26,Rolled into ROP,20.09,9.0,4.0,8694,4.2,97.9,0.6,0.1,0.3,0.0,1.1,1
"RENAISSANCE POWER, LLC",N6873,950 N DIVISION STREET,CARSON CITY,48811,298-00A,2003-02-10,Rolled into ROP,19.21,9.0,4.0,3220,12.1,75.8,19.9,0.3,0.2,0.1,3.7,1
"AVL POWERTRAIN ENGINEERING, INC",N6989,1801 E ELLSWORTH ROAD,ANN ARBOR,48108,199-01B,2008-11-25,Rolled into ROP,13.42,9.0,4.0,26262,11.3,64.7,13.9,0.5,14.6,0.1,6.1,1
"R L ADAMS PLASTICS, INC",N7221,5955 CROSSROADS COMMERCE,WYOMING,49519,247-02D,2009-02-25,Rolled into ROP,13.17,9.0,4.0,28562,9.4,74.5,8.1,1.0,4.1,0.0,12.3,1
"CHRYSLER GROUP, LLC",N7228,5800 N ANN ARBOR ROAD,DUNDEE,48131,300-02C,2011-03-14,Rolled into ROP,11.13,9.0,3.0,7060,7.2,97.5,0.8,0.2,0.4,0.0,1.0,1
WESTERN LIME CORPORATION,N7362,181 W COUNTY ROAD 432,GULLIVER,49840,26-04,2005-08-09,Rolled into ROP,16.72,9.0,3.0,603,9.0,93.4,0.0,5.1,0.2,0.0,1.3,1
"LACKS ENTERPRISES, INC",N7374,5675 KRAFT AVENUE,CASCADE TOWNSHIP,48064,23-12A,2012-10-09,Rolled into ROP,9.55,9.0,5.0,4036,7.6,97.2,0.2,0.2,1.6,0.0,0.9,1
"MERIDIAN AUTOMOTIVE SYSTEMS, INC",N7413,8887 W GRAND RIVER AVENUE,FOWLERVILLE,48836,247-04A,2008-02-05,Rolled into ROP,14.23,9.0,4.0,13917,7.2,95.8,0.1,1.1,0.7,0.0,2.3,1
"QUICKSILVER RESOURCES, INC",N7463,"NE SE SEC 7, T28N, R3E - BOILING",COMINS,48619,240-05A,2006-04-13,Rolled into ROP,16.04,9.0,3.0,549,11.3,97.3,0.0,0.0,0.0,0.0,2.8,1
SHELBY FOAM SYSTEMS,N7707,6200 26 MILE ROAD,SHELBY TOWNSHIP,48316,303-06D,2012-08-29,Rolled into ROP,9.66,9.0,5.0,27818,6.3,93.5,1.0,0.1,2.8,0.0,2.6,1
"HARBOR FOAM, INC",N7754,2950 PRAIRIE STREET SW - SUITE 300,GRANDVILLE,49418,35-07B,2012-07-30,Rolled into ROP,9.75,9.0,4.0,28231,6.0,89.1,1.2,0.5,2.9,0.0,6.4,1
HYUNDAI-KIA AMERICA TECHNICAL,N7886,6800 GEDDES ROAD,SUPERIOR TOWNSHIP,48198,285-08C,2013-02-06,Rolled into ROP,9.22,9.0,4.0,38081,21.4,54.7,36.5,0.9,2.0,0.1,5.8,1
VECTOR PIPELINE LP,N8151,"W NE SEC 8, T4S",ATHENS TOWNSHIP,49011,288-08,2008-12-10,Rolled into ROP,13.38,9.0,4.0,2269,10.2,94.7,2.2,0.6,0.0,0.0,2.4,1
"PLASAN NORTH AMERICA, INC",P0374,3195 WILSON DRIVE NW,WALKER,49534,35-16,2016-05-10,Rolled into ROP,5.97,5.97,5.0,21803,6.2,92.7,1.7,0.1,2.4,0.0,3.1,1
WOLVERINE POWER SUPPLY,P0582,7432 HIGHWAY M-32 - ALPINE POWER,ELMIRA TOWNSHIP,49730,206-14,2015-05-15,Rolled into ROP,6.96,6.96,2.0,2187,10.7,97.0,0.6,0.2,0.3,0.0,2.0,1
