company,srn,address,city,zip_code,county,pti_no.,approved,notes,flag,full_address,oldest_permit_age,oldest_permit_age_converted,fce,vn,sar,major_sources_in_zip,total,income_poverty_level,white_pct,black_pct,am_indian_ak_native_pct,asian_pct,hi_pc_islander_pct,other_pct
MENASHA CORPORATION,A0023,320 N FARMER STREET,OTSEGO,49078,ALLEGAN,152-96B,2001-04-12,Rolled into ROP,0,"320 N FARMER STREET, OTSEGO, MI 49078",21.05,9.0,2.0,1.0,4.0,1,9316,10.7,94.5,0.7,0.1,0.6,0.0,4.1
MEAD PAPER COMPANY,A0884,7100 COUNTY ROAD 426,ESCANABA,49829,DELTA,800-88A,1998-04-23,Rolled into ROP,0,"7100 COUNTY ROAD 426, ESCANABA, MI 49829",24.02,9.0,3.0,4.0,3.0,2,16443,16.3,93.1,0.6,2.1,0.6,0.0,3.6
DELTA SOLID WASTE,N6035,5701 19TH AVENUE NORTH,ESCANABA,49829,DELTA,30-03,2003-04-17,Rolled into ROP,0,"5701 19TH AVENUE NORTH, ESCANABA, MI 49829",19.04,9.0,2.0,0.0,4.0,2,16443,16.3,93.1,0.6,2.1,0.6,0.0,3.6
GENERAL MOTORS CORPORATION,A1641,920 TOWNSEND STREET,LANSING,48933,INGHAM,69-84A,2000-12-19,Rolled into ROP,0,"920 TOWNSEND STREET, LANSING, MI 48933",21.36,9.0,4.0,0.0,5.0,1,2636,39.9,48.1,34.2,1.2,3.3,0.5,12.6
"KALSEC, INC",A1991,3713 W MAIN STREET,KALAMAZOO,49006,KALAMAZOO,104-95A,1997-01-16,Rolled into ROP,0,"3713 W MAIN STREET, KALAMAZOO, MI 49005",25.28,9.0,3.0,1.0,3.0,1,24556,36.4,74.0,14.4,0.2,4.0,0.0,7.5
E I DUPONT DE NEMOURS &,A3569,400 GROESBECK HIGHWAY,MOUNT CLEMENS,48043,MACOMB,646-85A,1997-01-22,Rolled into ROP,0,"400 GROESBECK HIGHWAY, MOUNT CLEMENS, MI 48043",25.27,9.0,4.0,2.0,4.0,1,14857,20.1,70.3,24.6,0.4,0.1,0.0,4.6
MARTIN MARIETTA MAGNESIA,A3900,1800 E LAKE ROAD,MANISTEE,49660,MANISTEE,311-88B,1997-11-26,Rolled into ROP,0,"1800 E LAKE ROAD, MANISTEE, MI 49660",24.42,9.0,2.0,0.0,5.0,4,12915,9.5,88.7,4.2,2.0,0.6,0.1,4.4
"MORTON INTERNATIONAL, INC",B1824,180 6TH STREET,MANISTEE,49660,MANISTEE,264-94A,1998-06-19,Rolled into ROP,0,"180 6TH STREET, MANISTEE, MI 49660",23.86,9.0,4.0,0.0,7.0,4,12915,9.5,88.7,4.2,2.0,0.6,0.1,4.4
"AZTEC PRODUCING COMPANY, INC",B7093,335 N WASHINGTON STREET,MANISTEE,49660,MANISTEE,157-07,2007-05-21,Rolled into ROP,0,"335 N WASHINGTON STREET, MANISTEE, MI 49660",14.94,9.0,4.0,0.0,6.0,4,12915,9.5,88.7,4.2,2.0,0.6,0.1,4.4
HARLAND SANITARY LANDFILL,N3634,3890 CAMP ROAD,MANISTEE,49660,MANISTEE,357-08,2009-03-06,Rolled into ROP,0,"3890 CAMP ROAD, MANISTEE, MI 49660",13.15,9.0,5.0,0.0,4.0,4,12915,9.5,88.7,4.2,2.0,0.6,0.1,4.4
GREAT LAKES CASTINGS,A3934,800 N WASHINGTON AVENUE,LUDINGTON,49431,MASON,440-90A,1998-06-19,Rolled into ROP,0,"800 N WASHINGTON AVENUE, LUDINGTON, MI 49431",23.86,9.0,4.0,0.0,4.0,3,16938,13.6,94.9,0.7,1.2,0.7,0.0,2.5
DOW CHEMICAL COMPANY,B1846,1600 S MADISON STREET,LUDINGTON,49431,MASON,156-05,2005-07-26,Rolled into ROP,0,"1600 S MADISON STREET, LUDINGTON, MI 49431",16.76,9.0,4.0,0.0,5.0,3,16938,13.6,94.9,0.7,1.2,0.7,0.0,2.5
MICHIGAN POWER LP,N4975,5795 W 6TH STREET,LUDINGTON,49431,MASON,686-93C,2000-07-21,Rolled into ROP,0,"5795 W 6TH STREET, LUDINGTON, MI 49431",21.77,9.0,4.0,0.0,5.0,3,16938,13.6,94.9,0.7,1.2,0.7,0.0,2.5
DOW CHEMICAL COMPANY,A4033,1000 BUILDING,MIDLAND,48667,MIDLAND,928-89C,1997-10-31,Rolled into ROP,0,"1000 BUILDING, MIDLAND, MI 48667",24.5,9.0,1.0,2.0,25.0,3,0,,,,,,,
"TRINSEO, LLC",P1025,433W BUILDING,MIDLAND,48667,MIDLAND,33-16,2016-04-14,Rolled into ROP,0,"433W BUILDING, MIDLAND, MI 48667",6.04,6.04,,,,3,0,,,,,,,
DDP SPECIALTY ELECTRONIC,P1027,3400 S SAGINAW ROAD,MIDLAND,48667,MIDLAND,167-19,2020-01-27,Rolled into ROP,0,"3400 S SAGINAW ROAD, MIDLAND, MI 48667",2.26,2.26,0.0,2.0,4.0,3,0,,,,,,,
DOW CHEMICAL COMPANY,A4033,100 BUILDING,MIDLAND,48640,MIDLAND,150-14A,2015-06-23,Rolled into ROP,0,"100 BUILDING, MIDLAND, MI 48674",6.85,6.85,1.0,2.0,25.0,6,31553,11.9,93.4,1.9,0.2,1.9,0.1,2.5
DOW CORNING CORPORATION,A4043,3901 S SAGINAW ROAD,MIDLAND,48640,MIDLAND,44-89A,1997-02-04,Rolled into ROP,0,"3901 S SAGINAW ROAD, MIDLAND, MI 48686",25.23,9.0,3.0,11.0,65.0,6,31553,11.9,93.4,1.9,0.2,1.9,0.1,2.5
HEMLOCK SEMICONDUCTOR,B2644,12334 GEDDES ROAD,HEMLOCK,48640,SAGINAW,83-04,2004-04-06,Rolled into ROP,0,"12334 GEDDES ROAD, HEMLOCK, MI 48640",18.06,9.0,5.0,2.0,4.0,6,31553,11.9,93.4,1.9,0.2,1.9,0.1,2.5
MIDLAND COGENERATION,B6527,100 E PROGRESS PLACE,MIDLAND,48640,MIDLAND,316-05B,2007-07-02,Rolled into ROP,0,"100 E PROGRESS PLACE, MIDLAND, MI 48640",14.83,9.0,3.0,3.0,3.0,6,31553,11.9,93.4,1.9,0.2,1.9,0.1,2.5
CABOT CORPORATION,N6251,3603 S SAGINAW ROAD,MIDLAND,48640,MIDLAND,138-97A,2002-02-08,Rolled into ROP,0,"3603 S SAGINAW ROAD, MIDLAND, MI 48640",20.22,9.0,1.0,0.0,3.0,6,31553,11.9,93.4,1.9,0.2,1.9,0.1,2.5
DDP SPECIALTY ELECTRONIC,P1027,954 BUILDING,MIDLAND,48640,MIDLAND,159-19,2020-03-23,Rolled into ROP,0,"954 BUILDING, MIDLAND, MI 48674",2.1,2.1,0.0,2.0,4.0,6,31553,11.9,93.4,1.9,0.2,1.9,0.1,2.5
"MAHLE INDUSTRIES, INC",A4302,2020 SANFORD STREET,MUSKEGON HEIGHTS,49444,MUSKEGON,256-10,2011-01-11,Rolled into ROP,0,"2020 SANFORD STREET, MUSKEGON HEIGHTS, MI 49444",11.3,9.0,4.0,0.0,4.0,1,26061,23.4,59.4,34.7,1.0,0.4,0.0,4.4
GENERAL MOTORS CORPORATION,A5262,3300 GENERAL MOTORS ROAD,MILFORD,48380,OAKLAND,481-97,1997-10-27,Rolled into ROP,0,"3300 GENERAL MOTORS ROAD, MILFORD, MI 48380",24.51,9.0,4.0,2.0,4.0,1,7338,2.5,96.7,0.8,0.3,0.8,0.0,1.4
"EVART PRODUCTS TEXTRON, INC",A5764,601 W 7TH STREET,EVART,49631,OSCEOLA,137-98,1998-04-24,Rolled into ROP,0,"601 W 7TH STREET, EVART, MI 49631",24.02,9.0,4.0,1.0,5.0,1,6137,19.8,95.1,0.9,1.8,0.5,0.0,1.6
MEAD JOHNSON & COMPANY,A5858,725 E MAIN STREET,ZEELAND,49464,OTTAWA,285-04,2005-05-11,Rolled into ROP,0,"725 E MAIN STREET, ZEELAND, MI 49464",16.97,9.0,5.0,0.0,6.0,6,28804,4.1,91.3,0.9,0.3,4.1,0.0,3.3000000000000003
HOWARD MILLER CLOCK COMPANY,A5937,860 E MAIN STREET,ZEELAND,49464,OTTAWA,51-03,2004-01-08,Rolled into ROP,0,"860 E MAIN STREET, ZEELAND, MI 49464",18.31,9.0,4.0,0.0,4.0,6,28804,4.1,91.3,0.9,0.3,4.1,0.0,3.3000000000000003
"ZEELAND FARM SERVICES, INC",M4204,2468 84TH AVENUE,ZEELAND,49464,OTTAWA,479-95E,2000-07-03,Rolled into ROP,0,"2468 84TH AVENUE, ZEELAND, MI 49464",21.82,9.0,5.0,3.0,5.0,6,28804,4.1,91.3,0.9,0.3,4.1,0.0,3.3000000000000003
GENTEX CORPORATION,N1888,600 N CENTENNIAL STREET,ZEELAND,49464,OTTAWA,117-14,2014-11-19,Rolled into ROP,0,"600 N CENTENNIAL STREET, ZEELAND, MI 49464",7.44,7.44,3.0,1.0,3.0,6,28804,4.1,91.3,0.9,0.3,4.1,0.0,3.3000000000000003
AUTUMN HILLS RDF,N6006,700 56TH AVENUE,ZEELAND,49464,OTTAWA,330-97,1998-01-08,Rolled into ROP,0,"700 56TH AVENUE, ZEELAND, MI 49464",24.31,9.0,4.0,1.0,5.0,6,28804,4.1,91.3,0.9,0.3,4.1,0.0,3.3000000000000003
"MIRANT ZEELAND, LLC",N6521,425 N FAIRVIEW ROAD,ZEELAND,49464,OTTAWA,267-98A,2003-01-21,Rolled into ROP,0,"425 N FAIRVIEW ROAD, ZEELAND, MI 49464",19.27,9.0,4.0,0.0,3.0,6,28804,4.1,91.3,0.9,0.3,4.1,0.0,3.3000000000000003
GENERAL MOTORS CORPORATION,A6175,3900 HOLLAND ROAD,SAGINAW,48601,SAGINAW,83-79A,1997-12-18,Rolled into ROP,0,"3900 HOLLAND ROAD, SAGINAW, MI 48601",24.36,9.0,3.0,3.0,4.0,2,34315,34.3,30.6,62.5,0.3,0.1,0.0,6.5
GENERAL MOTORS CORPORATION,B1991,1629 N WASHINGTON AVENUE,SAGINAW,48601,SAGINAW,371-95A,1997-09-02,Rolled into ROP,0,"1629 N WASHINGTON AVENUE, SAGINAW, MI 48601",24.66,9.0,5.0,5.0,3.0,2,34315,34.3,30.6,62.5,0.3,0.1,0.0,6.5
INTERTAPE POLYMER GROUP,A6220,317 KENDALL AVENUE,MARYSVILLE,48040,SAINT CLAIR,185-99,1999-06-30,Rolled into ROP,0,"317 KENDALL AVENUE, MARYSVILLE, MI 48040",22.83,9.0,5.0,5.0,5.0,2,9639,8.2,96.1,0.5,0.2,0.0,0.0,3.2
"FAGERDALA USA MARYSVILLE, INC",N6944,2700 WILLS ROAD,MARYSVILLE,48040,SAINT CLAIR,162-00E,2010-07-30,Rolled into ROP,0,"2700 WILLS ROAD, MARYSVILLE, MI 48040",11.75,9.0,5.0,8.0,6.0,2,9639,8.2,96.1,0.5,0.2,0.0,0.0,3.2
"MANISTIQUE PAPERS, INC",A6475,453 S MACKINAC AVENUE,MANISTIQUE,49854,SCHOOLCRAFT,566-97,2001-03-27,Rolled into ROP,0,"453 S MACKINAC AVENUE, MANISTIQUE, MI 49854",21.09,9.0,4.0,0.0,3.0,1,6161,17.3,85.6,0.4,8.1,0.4,0.0,5.5
HANSON BRICK,A6497,3820 SERR ROAD,CORUNNA,48817,SHIAWASSEE,47-06,2006-03-03,Rolled into ROP,0,"3820 SERR ROAD, CORUNNA, MI 48817",16.16,9.0,4.0,0.0,5.0,1,5766,10.9,95.7,1.8,0.0,0.0,0.0,2.6
AKJ INDUSTRIES,A7809,1 QUALITY DRIVE,ECORSE,48229,WAYNE,271-97,1997-09-17,Rolled into ROP,0,"1 QUALITY DRIVE, ECORSE, MI 48229",24.62,9.0,2.0,31.0,13.0,2,9404,33.3,39.8,41.3,2.4,0.0,1.1,15.4
EDWARD C LEVY COMPANY,B4364,100 WESTFIELD STREET,ECORSE,48229,WAYNE,482-97A,1999-10-26,Rolled into ROP,0,"100 WESTFIELD STREET, ECORSE, MI 48229",22.51,9.0,2.0,2.0,3.0,2,9404,33.3,39.8,41.3,2.4,0.0,1.1,15.4
DELRAY CONNECTING RAILROAD,A7809,7109 W JEFFERSON AVENUE,DETROIT,48209,WAYNE,304-99,2000-11-30,Rolled into ROP,0,"7109 W JEFFERSON AVENUE, DETROIT, MI 48209",21.41,9.0,2.0,31.0,13.0,1,31571,43.1,50.8,10.1,1.0,0.1,0.0,38.0
MCLAREN PERFORMANCE,A8217,32233 W 8 MILE ROAD,LIVONIA,48152,WAYNE,177-99C,2004-06-30,Rolled into ROP,0,"32233 W 8 MILE ROAD, LIVONIA, MI 48152",17.83,9.0,3.0,2.0,4.0,1,30849,6.4,87.4,5.3,0.2,4.7,0.0,2.4000000000000004
DETROIT DIESEL CORPORATION,A8638,13400 W OUTER DRIVE,DETROIT,48239,WAYNE,102-00,2003-04-16,Rolled into ROP,0,"13400 W OUTER DRIVE, DETROIT, MI 48239",19.04,9.0,3.0,0.0,3.0,1,36093,18.1,45.7,49.5,0.4,0.5,0.0,4.0
ROUGE STEEL COMPANY,A8640,3001 MILLER ROAD,DEARBORN,48120,WAYNE,142-97,1997-04-08,Rolled into ROP,0,"3001 MILLER ROAD, DEARBORN, MI 48120",25.06,9.0,1.0,24.0,10.0,4,7050,35.0,76.7,8.7,0.1,8.0,0.0,6.5
FORD MOTOR COMPANY,A8648,3001 MILLER ROAD,DEARBORN,48120,WAYNE,200-97,1997-05-09,Rolled into ROP,0,"3001 MILLER ROAD, DEARBORN, MI 48121",24.98,9.0,2.0,5.0,13.0,4,7050,35.0,76.7,8.7,0.1,8.0,0.0,6.5
FORD MOTOR COMPANY,M4764,1200 ELM STREET,DEARBORN,48120,WAYNE,195-96A,1997-08-18,Rolled into ROP,0,"1200 ELM STREET, DEARBORN, MI 48121",24.7,9.0,3.0,0.0,4.0,4,7050,35.0,76.7,8.7,0.1,8.0,0.0,6.5
DEARBORN INDUSTRIAL,N6631,2400 MILLER ROAD,DEARBORN,48120,WAYNE,253-02A,2003-09-25,Rolled into ROP,0,"2400 MILLER ROAD, DEARBORN, MI 48121",18.6,9.0,3.0,0.0,3.0,4,7050,35.0,76.7,8.7,0.1,8.0,0.0,6.5
FORD MOTOR COMPANY,A8650,37625 MICHIGAN AVENUE,WAYNE,48184,WAYNE,150-99,2000-01-06,Rolled into ROP,0,"37625 MICHIGAN AVENUE, WAYNE, MI 48184",22.31,9.0,2.0,1.0,2.0,1,17044,21.8,75.9,18.7,0.2,0.8,0.0,4.3
PAULSTRA CRC CORPORATION,A9364,600 7TH STREET,CADILLAC,49601,WEXFORD,545-96,1998-02-12,Rolled into ROP,0,"600 7TH STREET, CADILLAC, MI 49601",24.21,9.0,2.0,0.0,3.0,7,21514,13.7,95.6,1.0,0.4,0.5,0.0,2.6
CADILLAC RUBBER & PLASTICS,A9365,603 W 7TH STREET,CADILLAC,49601,WEXFORD,237-96,1997-04-15,Rolled into ROP,0,"603 W 7TH STREET, CADILLAC, MI 49601",25.04,9.0,2.0,1.0,4.0,7,21514,13.7,95.6,1.0,0.4,0.5,0.0,2.6
"CMI CAST PARTS, INC",B2178,1500 4TH AVENUE,CADILLAC,49601,WEXFORD,174-95A,1998-02-26,Rolled into ROP,0,"1500 4TH AVENUE, CADILLAC, MI 49601",24.17,9.0,4.0,3.0,3.0,7,21514,13.7,95.6,1.0,0.4,0.5,0.0,2.6
AAR CADILLAC MANUFACTURING,B4197,201 HAYNES STREET,CADILLAC,49601,WEXFORD,261-00,2000-12-07,Rolled into ROP,0,"201 HAYNES STREET, CADILLAC, MI 49601",21.39,9.0,4.0,4.0,5.0,7,21514,13.7,95.6,1.0,0.4,0.5,0.0,2.6
"FOUR WINNS, INC",N1328,609 13TH STREET,CADILLAC,49601,WEXFORD,1240-91D,2000-01-19,Rolled into ROP,0,"609 13TH STREET, CADILLAC, MI 49601",22.28,9.0,5.0,0.0,6.0,7,21514,13.7,95.6,1.0,0.4,0.5,0.0,2.6
CADILLAC RENEWABLE ENERGY,N1395,1525 MILTNER STREET,CADILLAC,49601,WEXFORD,219-07,2007-12-06,Rolled into ROP,0,"1525 MILTNER STREET, CADILLAC, MI 49601",14.4,9.0,3.0,1.0,4.0,7,21514,13.7,95.6,1.0,0.4,0.5,0.0,2.6
"FOUR WINNS, INC",N1470,925 FRISBIE STREET,CADILLAC,49601,WEXFORD,1239-91C,2000-01-19,Rolled into ROP,0,"925 FRISBIE STREET, CADILLAC, MI 49601",22.28,9.0,2.0,0.0,2.0,7,21514,13.7,95.6,1.0,0.4,0.5,0.0,2.6
MARATHON ASHLAND PETROLEUM,A9831,12700 TORONTO STREET,DETROIT,48217,WAYNE,180-97,1997-04-18,Rolled into ROP,0,"12700 TORONTO STREET, DETROIT, MI 48217",25.03,9.0,2.0,18.0,14.0,3,6678,37.1,12.5,80.1,0.0,0.0,0.0,7.5
DETROIT EDISON COMPANY,B2798,6603 W JEFFERSON AVENUE,DETROIT,48217,WAYNE,373-98,1998-12-18,Rolled into ROP,0,"6603 W JEFFERSON AVENUE, DETROIT, MI 48217",23.37,9.0,4.0,0.0,4.0,3,6678,37.1,12.5,80.1,0.0,0.0,0.0,7.5
EDWARD C LEVY COMPANY,B4243,13800 MELLON STREET,DETROIT,48217,WAYNE,298-03,2004-05-11,Rolled into ROP,0,"13800 MELLON STREET, DETROIT, MI 48217",17.97,9.0,3.0,17.0,3.0,3,6678,37.1,12.5,80.1,0.0,0.0,0.0,7.5
"NEENAH PAPER - MICHIGAN, INC",B1470,501 E MUNISING AVENUE,MUNISING,49862,ALGER,24-15,2015-04-20,Rolled into ROP,0,"501 E MUNISING AVENUE, MUNISING, MI 49862",7.03,7.03,3.0,2.0,3.0,1,4132,10.5,77.7,13.2,5.2,0.1,0.0,3.8
LOUISIANA-PACIFIC CORPORATION,B1476,416 FORD AVENUE,ALPENA,49707,ALPENA,158-00A,2001-03-12,Rolled into ROP,0,"416 FORD AVENUE, ALPENA, MI 49707",21.13,9.0,1.0,7.0,2.0,2,21255,14.7,96.6,0.6,0.5,0.7,0.0,1.6
"LAFARGE MIDWEST, INC",B1477,1435 FORD AVENUE,ALPENA,49707,ALPENA,356-88E,1999-01-05,Rolled into ROP,0,"1435 FORD AVENUE, ALPENA, MI 49707",23.32,9.0,5.0,16.0,14.0,2,21255,14.7,96.6,0.6,0.5,0.7,0.0,1.6
MONITOR SUGAR COMPANY,B1493,2600 S EUCLID AVENUE,BAY CITY,48706,BAY,1295-91B,1997-08-27,Rolled into ROP,0,"2600 S EUCLID AVENUE, BAY CITY, MI 48706",24.67,9.0,2.0,41.0,2.0,2,39055,16.9,94.7,1.6,0.2,0.8,0.0,2.7
"QUANTUM COMPOSITES, INC",N6874,1310 S VALLEY CENTER DRIVE,BAY CITY,48706,BAY,303-00B,2010-04-30,Rolled into ROP,0,"1310 S VALLEY CENTER DRIVE, BAY CITY, MI 48706",12.0,9.0,4.0,1.0,5.0,2,39055,16.9,94.7,1.6,0.2,0.8,0.0,2.7
MICHIGAN PAPERBOARD COMPANY,B1534,79 FOUNTAIN STREET EAST,BATTLE CREEK,49017,CALHOUN,62-98B,2000-01-13,Rolled into ROP,0,"79 FOUNTAIN STREET EAST, BATTLE CREEK, MI 49017",22.29,9.0,3.0,2.0,4.0,1,20937,14.6,82.0,9.8,0.7,0.2,0.0,7.2
KRAFT GENERAL FOODS,B1548,275 CLIFF STREET,BATTLE CREEK,49014,CALHOUN,626-93A,1999-07-08,Rolled into ROP,0,"275 CLIFF STREET, BATTLE CREEK, MI 49014",22.81,9.0,4.0,2.0,4.0,1,20682,15.2,82.2,10.3,1.0,2.0,0.0,4.5
"SAINT MARY'S CEMENT, INC",B1559,16000 BELLS BAY ROAD,CHARLEVOIX,49720,CHARLEVOIX,370-06,2007-01-05,Rolled into ROP,0,"16000 BELLS BAY ROAD, CHARLEVOIX, MI 49720",15.32,9.0,5.0,7.0,8.0,1,8568,10.4,94.7,0.8,2.4,0.3,0.0,1.8
"GREDE FOUNDRIES, INC",B1577,801 S CARPENTER AVENUE,KINGSFORD,49802,DICKINSON,381-96B,1997-08-21,Rolled into ROP,0,"801 S CARPENTER AVENUE, KINGSFORD, MI 49802",24.69,9.0,4.0,10.0,5.0,1,5706,19.8,90.2,0.9,3.2,1.2,0.0,4.4
GENERAL MOTORS CORPORATION,B1606,G-3100 VAN SLYKE ROAD,FLINT,48551,GENESEE,350-97B,2001-09-18,Rolled into ROP,0,"G-3100 VAN SLYKE ROAD, FLINT, MI 48551",20.61,9.0,3.0,0.0,4.0,1,0,,,,,,,
"ALLNEX USA, INC",B1677,2715 MILLER ROAD,KALAMAZOO,49001,KALAMAZOO,418-96H,2018-03-29,Rolled into ROP,0,"2715 MILLER ROAD, KALAMAZOO, MI 49001",4.09,4.09,2.0,0.0,3.0,2,20961,15.3,69.5,23.9,0.0,0.6,0.0,6.0
"PHARMACIA & UPJOHN COMPANY,",B3610,7171 PORTAGE ROAD,KALAMAZOO,49001,KALAMAZOO,132-94C,2000-03-09,Rolled into ROP,0,"7171 PORTAGE ROAD, KALAMAZOO, MI 49001",22.14,9.0,4.0,1.0,13.0,2,20961,15.3,69.5,23.9,0.0,0.6,0.0,6.0
"JAMES RIVER PAPER COMPANY,",B1678,1500 N PITCHER STREET,KALAMAZOO,49007,KALAMAZOO,431-92A,1997-11-25,Rolled into ROP,0,"1500 N PITCHER STREET, KALAMAZOO, MI 49007",24.43,9.0,3.0,10.0,4.0,1,9996,36.5,42.6,46.4,0.2,1.3,0.0,9.4
ERVIN AMASTEEL DIVISION,B1754,915 TABOR STREET,ADRIAN,49221,LENAWEE,46-12,2012-05-18,Rolled into ROP,0,"915 TABOR STREET, ADRIAN, MI 49221",9.95,9.0,4.0,2.0,3.0,2,35692,15.6,89.1,5.3,0.5,0.3,0.0,4.9
GENERAL MOTORS CORPORATION,B6027,1450 E BEECHER STREET,ADRIAN,49221,LENAWEE,560-97,1998-06-11,Rolled into ROP,0,"1450 E BEECHER STREET, ADRIAN, MI 49221",23.89,9.0,5.0,3.0,5.0,2,35692,15.6,89.1,5.3,0.5,0.3,0.0,4.9
"WARREN WWTP, CITY OF",B1792,32360 WARKOP AVENUE,WARREN,48093,MACOMB,71-96A,1999-07-23,Rolled into ROP,0,"32360 WARKOP AVENUE, WARREN, MI 48093",22.77,9.0,3.0,2.0,3.0,2,24192,10.9,74.0,17.4,0.3,5.6,0.1,2.8
GENERAL MOTORS CORPORATION,B4049,30001 VAN DYKE AVENUE,WARREN,48093,MACOMB,82-11,2011-07-12,Rolled into ROP,0,"30001 VAN DYKE AVENUE, WARREN, MI 48093",10.8,9.0,3.0,2.0,4.0,2,24192,10.9,74.0,17.4,0.3,5.6,0.1,2.8
EMPIRE IRON MINING PARTNERSHP,B1827,1 EMPIRE MINE ROAD,ISHPEMING,49871,MARQUETTE,436-97,1997-10-20,Rolled into ROP,0,"1 EMPIRE MINE ROAD, ISHPEMING, MI 49871",24.53,9.0,3.0,0.0,4.0,1,558,17.9,97.5,0.0,1.1,0.0,0.0,1.4
GUARDIAN INDUSTRIES,B1877,14600 ROMINE ROAD,CARLETON,48117,MONROE,72-00,2001-06-04,Rolled into ROP,0,"14600 ROMINE ROAD, CARLETON, MI 48117",20.9,9.0,4.0,4.0,4.0,1,9995,7.4,95.3,2.2,0.4,0.2,0.0,1.8
TEXTRON AUTOMOTIVE COMPANY,B1909,1085 W SHERMAN BLVD,MUSKEGON,49441,MUSKEGON,228-03,2003-11-12,Rolled into ROP,0,"1085 W SHERMAN BLVD, MUSKEGON, MI 49441",18.46,9.0,5.0,2.0,6.0,1,34990,13.0,84.4,10.7,0.8,1.1,0.1,2.9
COPPER RANGE COMPANY,B1966,1 WILCOX ROAD,WHITE PINE,49971,ONTONAGON,63-97,1997-02-18,Rolled into ROP,0,"1 WILCOX ROAD, WHITE PINE, MI 49971",25.19,9.0,3.0,0.0,3.0,2,478,11.3,95.2,0.0,1.7,2.7,0.0,0.4
"WHITE PINE COPPER REFINERY,",N7396,29784 WILLOW ROAD,WHITE PINE,49971,ONTONAGON,321-07,2007-11-27,Rolled into ROP,0,"29784 WILLOW ROAD, WHITE PINE, MI 49971",14.42,9.0,2.0,0.0,3.0,2,478,11.3,95.2,0.0,1.7,2.7,0.0,0.4
COVALENCE SPECIALTY,B2013,700 CENTREVILLE ROAD,CONSTANTINE,49042,SAINT JOSEPH,149-07,2007-05-04,Rolled into ROP,0,"700 CENTREVILLE ROAD, CONSTANTINE, MI 49042",14.99,9.0,4.0,0.0,4.0,1,4705,12.3,95.1,0.1,0.0,0.6,0.0,4.1000000000000005
DOCK FOUNDRY COMPANY,B2015,428 4TH STREET,THREE RIVERS,49093,SAINT JOSEPH,272-97,1997-07-11,Rolled into ROP,0,"428 4TH STREET, THREE RIVERS, MI 49093",24.8,9.0,3.0,5.0,4.0,4,18027,13.3,86.8,6.0,0.1,1.2,0.0,5.9
"LASCO BATHWARE, INC",B2025,888 W BROADWAY ROAD,THREE RIVERS,49093,SAINT JOSEPH,113-05,2005-06-27,Rolled into ROP,0,"888 W BROADWAY ROAD, THREE RIVERS, MI 49093",16.84,9.0,4.0,0.0,3.0,4,18027,13.3,86.8,6.0,0.1,1.2,0.0,5.9
"WESTSIDE GAS PRODUCERS, LLC",N1216,14034 M-60 WEST,THREE RIVERS,49093,SAINT JOSEPH,144-98C,2016-10-13,Rolled into ROP,0,"14034 M-60 WEST, THREE RIVERS, MI 49093",5.54,5.54,3.0,0.0,4.0,4,18027,13.3,86.8,6.0,0.1,1.2,0.0,5.9
KALAMAZOO RIVER GENERATING,N6731,6900 E MICHIGAN AVENUE,COMSTOCK,49093,KALAMAZOO,18-Aug,2018-07-03,Rolled into ROP,0,"6900 E MICHIGAN AVENUE, COMSTOCK, MI 49093",3.82,3.82,3.0,0.0,4.0,4,18027,13.3,86.8,6.0,0.1,1.2,0.0,5.9
WHITE PIGEON PAPER COMPANY,B2024,15781 RIVER STREET,WHITE PIGEON,49099,SAINT JOSEPH,66-03,2003-05-19,Rolled into ROP,0,"15781 RIVER STREET, WHITE PIGEON, MI 49099",18.95,9.0,4.0,0.0,4.0,2,5695,17.9,96.4,0.1,0.6,0.4,0.0,2.6
CONSUMERS ENERGY COMPANY,N5573,68536 A ROAD,WHITE PIGEON,49099,SAINT JOSEPH,137-08,2008-11-24,Rolled into ROP,0,"68536 A ROAD, WHITE PIGEON, MI 49099",13.43,9.0,3.0,2.0,3.0,2,5695,17.9,96.4,0.1,0.6,0.4,0.0,2.6
VISTEON CORPORATION,B2063,7700 E MICHIGAN AVENUE,SALINE,48176,WASHTENAW,199-99,1999-11-08,Rolled into ROP,0,"7700 E MICHIGAN AVENUE, SALINE, MI 48176",22.48,9.0,6.0,3.0,5.0,1,23439,5.3,88.1,1.8,0.3,4.6,0.0,5.1
GREAT LAKES WATER AUTHORITY,B2103,9300 W JEFFERSON AVENUE,DETROIT,48226,WAYNE,252-06,2006-12-21,Rolled into ROP,0,"9300 W JEFFERSON AVENUE, DETROIT, MI 48226",15.36,9.0,4.0,8.0,4.0,2,5948,17.7,48.5,36.8,0.8,9.7,0.0,4.2
DETROIT EDISON COMPANY,B2814,541 MADISON AVENUE,DETROIT,48226,WAYNE,63-05,2005-07-26,Rolled into ROP,0,"541 MADISON AVENUE, DETROIT, MI 48226",16.76,9.0,3.0,8.0,4.0,2,5948,17.7,48.5,36.8,0.8,9.7,0.0,4.2
WYANDOTTE DEPARTMENT OF,B2132,2555 VAN ALSTYNE STREET,WYANDOTTE,48192,WAYNE,253-98B,2003-06-10,Rolled into ROP,0,"2555 VAN ALSTYNE STREET, WYANDOTTE, MI 48192",18.89,9.0,3.0,2.0,3.0,4,24951,13.5,95.7,0.9,0.2,0.6,0.0,2.7
BASF CORPORATION CHEMICAL,B4359,1609 BIDDLE AVENUE,WYANDOTTE,48192,WAYNE,229-01,2001-11-28,Rolled into ROP,0,"1609 BIDDLE AVENUE, WYANDOTTE, MI 48192",20.42,9.0,3.0,6.0,4.0,4,24951,13.5,95.7,0.9,0.2,0.6,0.0,2.7
BASF CORPORATION PLASTICS,M4777,1609 BIDDLE AVENUE,WYANDOTTE,48192,WAYNE,59-02A,2003-04-30,Rolled into ROP,0,"1609 BIDDLE AVENUE, WYANDOTTE, MI 48192",19.0,9.0,3.0,1.0,5.0,4,24951,13.5,95.7,0.9,0.2,0.6,0.0,2.7
BASF WYANDOTTE CORPORATION,M4808,1609 BIDDLE AVENUE,WYANDOTTE,48192,WAYNE,314-05,2006-02-07,Rolled into ROP,0,"1609 BIDDLE AVENUE, WYANDOTTE, MI 48192",16.22,9.0,4.0,0.0,5.0,4,24951,13.5,95.7,0.9,0.2,0.6,0.0,2.7
"CARMEUSE LIME & STONE, INC",B2169,25 MARION AVENUE,RIVER ROUGE,48218,WAYNE,330-07D,2012-02-17,Rolled into ROP,0,"25 MARION AVENUE, RIVER ROUGE, MI 48218",10.2,9.0,3.0,1.0,3.0,4,7502,42.2,41.3,48.9,0.4,0.0,0.0,9.5
DETROIT EDISON COMPANY,B2810,1 BELANGER PARK DRIVE,RIVER ROUGE,48218,WAYNE,269-99,1999-12-02,Rolled into ROP,0,"1 BELANGER PARK DRIVE, RIVER ROUGE, MI 48218",22.41,9.0,3.0,1.0,4.0,4,7502,42.2,41.3,48.9,0.4,0.0,0.0,9.5
"B P PRODUCTS NORTH AMERICA,",B2987,205 MARION AVENUE,RIVER ROUGE,48218,WAYNE,246-96,1999-05-21,Rolled into ROP,0,"205 MARION AVENUE, RIVER ROUGE, MI 48218",22.94,9.0,4.0,2.0,5.0,4,7502,42.2,41.3,48.9,0.4,0.0,0.0,9.5
U S GYPSUM COMPANY,B3518,2 DIVISION STREET,RIVER ROUGE,48218,WAYNE,183-98,2000-02-15,Rolled into ROP,0,"2 DIVISION STREET, RIVER ROUGE, MI 48218",22.2,9.0,3.0,1.0,3.0,4,7502,42.2,41.3,48.9,0.4,0.0,0.0,9.5
HOWARD PLATING INDUSTRIES,B2363,32565 DEQUINDRE ROAD,MADISON HEIGHTS,48071,OAKLAND,460-97,1997-11-18,Rolled into ROP,0,"32565 DEQUINDRE ROAD, MADISON HEIGHTS, MI 48071",24.45,9.0,3.0,3.0,5.0,1,29964,13.6,80.8,8.5,0.4,5.8,0.0,4.5
HEMLOCK SEMICONDUCTOR,B2644,12334 GEDDES ROAD,HEMLOCK,48626,SAGINAW,91-00,2000-05-24,Rolled into ROP,0,"12334 GEDDES ROAD, HEMLOCK, MI 48626",21.93,9.0,5.0,2.0,4.0,1,5817,4.8,98.4,0.7,0.0,0.2,0.0,0.7
LANSING BOARD OF WATER &,B2647,601 ISLAND AVENUE,LANSING,48910,INGHAM,132-05,2005-07-28,Rolled into ROP,0,"601 ISLAND AVENUE, LANSING, MI 48910",16.76,9.0,3.0,8.0,4.0,3,34835,22.7,68.6,17.0,0.7,3.8,0.0,9.9
LANSING BOARD OF WATER &,B2647,601 ISLAND AVENUE,LANSING,48910,INGHAM,132-05C,2015-05-04,Rolled into ROP,0,"601 ISLAND AVENUE, LANSING, MI 48901",6.99,6.99,3.0,8.0,4.0,3,34835,22.7,68.6,17.0,0.7,3.8,0.0,9.9
MICHIGAN DEPT OF AGRICULTURE,K3249,4125 BEAUMONT ROAD,EAST LANSING,48910,INGHAM,380-00,2001-06-26,Rolled into ROP,0,"4125 BEAUMONT ROAD, EAST LANSING, MI 48824",20.84,9.0,3.0,2.0,4.0,3,34835,22.7,68.6,17.0,0.7,3.8,0.0,9.9
DAIMLERCHRYSLER CORPORATION,B2757,22800 MOUND ROAD,WARREN,48091,MACOMB,194-01,2001-07-19,Rolled into ROP,0,"22800 MOUND ROAD, WARREN, MI 48091",20.78,9.0,4.0,0.0,5.0,2,29667,27.7,55.0,23.8,1.1,16.2,0.0,4.0
DAIMLERCHRYSLER CORPORATION,B2767,21500 MOUND ROAD,WARREN,48091,MACOMB,757-87A,1998-11-20,Rolled into ROP,0,"21500 MOUND ROAD, WARREN, MI 48091",23.44,9.0,3.0,1.0,3.0,2,29667,27.7,55.0,23.8,1.1,16.2,0.0,4.0
DETROIT EDISON COMPANY,B2796,4901 POINTE DRIVE,CHINA,48054,SAINT CLAIR,383-99,2000-01-04,Rolled into ROP,0,"4901 POINTE DRIVE, CHINA, MI 48054",22.32,9.0,2.0,3.0,3.0,2,7012,8.2,96.4,0.9,0.0,0.5,0.0,2.1
MICHIGAN CONSOLIDATED GAS,B6478,5440 PUTTYGUT ROAD,EAST CHINA,48054,SAINT CLAIR,206-01,2001-08-09,Rolled into ROP,0,"5440 PUTTYGUT ROAD, EAST CHINA, MI 48054",20.72,9.0,3.0,2.0,4.0,2,7012,8.2,96.4,0.9,0.0,0.5,0.0,2.1
DETROIT EDISON COMPANY,B2811,4695 W JEFFERSON AVENUE,TRENTON,48183,WAYNE,189-00,2000-11-22,Rolled into ROP,0,"4695 W JEFFERSON AVENUE, TRENTON, MI 48183",21.44,9.0,3.0,1.0,3.0,2,41758,7.6,89.8,5.0,0.1,2.6,0.0,2.6
DAIMLERCHRYSLER CORPORATION,B3350,2000 VAN HORN ROAD,TRENTON,48183,WAYNE,95-07,2007-04-19,Rolled into ROP,0,"2000 VAN HORN ROAD, TRENTON, MI 48183",15.03,9.0,2.0,0.0,3.0,2,41758,7.6,89.8,5.0,0.1,2.6,0.0,2.6
DETROIT EDISON COMPANY,B2816,3500 E FRONT STREET,MONROE,48161,MONROE,376-00,2001-11-13,Rolled into ROP,0,"3500 E FRONT STREET, MONROE, MI 48161",20.46,9.0,4.0,10.0,5.0,2,25853,17.0,91.4,3.5,0.6,0.6,0.0,3.9
GERDAU MACSTEEL MONROE,B7061,3000 E FRONT STREET,MONROE,48161,MONROE,32-06,2006-03-31,Rolled into ROP,0,"3000 E FRONT STREET, MONROE, MI 48161",16.08,9.0,5.0,9.0,3.0,2,25853,17.0,91.4,3.5,0.6,0.6,0.0,3.9
CONSUMERS ENERGY COMPANY,B2835,17000 CROSWELL STREET,WEST OLIVE,49460,OTTAWA,158-98,1998-08-28,Rolled into ROP,0,"17000 CROSWELL STREET, WEST OLIVE, MI 49460",23.67,9.0,8.0,1.0,9.0,1,8610,6.9,94.8,1.1,0.3,0.6,0.0,3.3000000000000003
KENT COUNTY DEPT OF PUBLIC,B2838,156 W FULTON AVENUE,GRAND RAPIDS,49503,KENT,115-83B,1997-08-20,Rolled into ROP,0,"156 W FULTON AVENUE, GRAND RAPIDS, MI 49503",24.69,9.0,4.0,0.0,4.0,3,36021,24.7,70.9,13.9,0.7,1.8,0.0,12.8
PAULSTRA CRC CORPORATION,E5094,460 FULLER AVENUE NE,GRAND RAPIDS,49503,KENT,48-95A,1997-11-18,Rolled into ROP,0,"460 FULLER AVENUE NE, GRAND RAPIDS, MI 49503",24.45,9.0,5.0,4.0,5.0,3,36021,24.7,70.9,13.9,0.7,1.8,0.0,12.8
KENT COUNTY DEPT OF PUBLIC,N1604,950 MARKET AVENUE SW,GRAND RAPIDS,49503,KENT,375-87B,2001-07-25,Rolled into ROP,0,"950 MARKET AVENUE SW, GRAND RAPIDS, MI 49503",20.76,9.0,8.0,0.0,8.0,3,36021,24.7,70.9,13.9,0.7,1.8,0.0,12.8
CONSUMERS ENERGY COMPANY,B2840,2742 N WEADOCK HIGHWAY,ESSEXVILLE,48732,BAY,362-97,1997-07-24,Rolled into ROP,0,"2742 N WEADOCK HIGHWAY, ESSEXVILLE, MI 48732",24.77,9.0,3.0,2.0,6.0,1,10949,16.0,94.0,2.5,0.2,0.3,0.0,3.0
MICHIGAN SUGAR COMPANY,B2873,763 N BECK STREET,SEBEWAING,48759,HURON,234-89A,1997-03-12,Rolled into ROP,0,"763 N BECK STREET, SEBEWAING, MI 48759",25.13,9.0,3.0,4.0,4.0,2,3181,11.9,98.0,1.1,0.0,0.2,0.0,0.8
MICHIGAN SUGAR COMPANY,B2873,763 N BECK STREET,SEBEWAING,48759,HURON,90-03B,2005-06-30,Rolled into ROP,0,"763 N BECK STREET, SEBEWAING, MI 48795",16.83,9.0,3.0,4.0,4.0,2,3181,11.9,98.0,1.1,0.0,0.2,0.0,0.8
MICHIGAN SUGAR COMPANY,B2875,819 PENINSULAR STREET,CARO,48723,TUSCOLA,255-97,1997-06-26,Rolled into ROP,0,"819 PENINSULAR STREET, CARO, MI 48723",24.84,9.0,4.0,6.0,5.0,2,11599,16.0,96.1,1.3,0.5,0.4,0.0,1.7000000000000002
"MICHIGAN ETHANOL, LLC",N6996,1551 EMPIRE DRIVE,CARO,48723,TUSCOLA,210-01D,2006-10-05,Rolled into ROP,0,"1551 EMPIRE DRIVE, CARO, MI 48723",15.57,9.0,4.0,0.0,4.0,2,11599,16.0,96.1,1.3,0.5,0.4,0.0,1.7000000000000002
MICHIGAN SUGAR COMPANY,B2876,159 S HOWARD AVENUE,CROSWELL,48422,SANILAC,963-89B,1997-03-12,Rolled into ROP,0,"159 S HOWARD AVENUE, CROSWELL, MI 48422",25.13,9.0,4.0,3.0,4.0,1,6551,11.6,92.5,0.3,1.0,0.2,0.0,6.0
CONSUMERS POWER COMPANY,B2934,27780 BLUE STAR MEMORIAL,COVERT,49043,VAN BUREN,183-06,2006-06-21,Rolled into ROP,0,"27780 BLUE STAR MEMORIAL, COVERT, MI 49043",15.86,9.0,3.0,1.0,4.0,2,2099,32.4,53.0,23.8,0.2,0.3,0.0,22.700000000000003
COVERT GENERATING COMPANY,N6767,26000 77TH STREET,COVERT,49043,VAN BUREN,325-00A,2003-01-09,Rolled into ROP,0,"26000 77TH STREET, COVERT, MI 49043",19.3,9.0,3.0,3.0,4.0,2,2099,32.4,53.0,23.8,0.2,0.3,0.0,22.700000000000003
PACKAGING CORPORATION OF,B3692,2246 UDELL STREET,FILER CITY,49634,MANISTEE,145-02,2002-09-17,Rolled into ROP,0,"2246 UDELL STREET, FILER CITY, MI 49634",19.62,9.0,4.0,0.0,9.0,2,57,0.0,100.0,0.0,0.0,0.0,0.0,0.0
TES FILER CITY STATION,N1685,700 MEE STREET,FILER CITY,49634,MANISTEE,519-87F,2000-08-11,Rolled into ROP,0,"700 MEE STREET, FILER CITY, MI 49634",21.72,9.0,4.0,0.0,5.0,2,57,0.0,100.0,0.0,0.0,0.0,0.0,0.0
ANR PIPELINE COMPANY,B3721,7677 230TH AVENUE,REED CITY,49677,OSCEOLA,420-97A,2001-01-11,Rolled into ROP,0,"7677 230TH AVENUE, REED CITY, MI 49677",21.3,9.0,4.0,0.0,7.0,1,7028,17.3,96.1,1.8,0.2,0.2,0.0,1.7000000000000002
LANSING BOARD OF WATER &,B4001,3725 S CANAL ROAD,LANSING,48917,EATON,141-08,2008-08-26,Rolled into ROP,0,"3725 S CANAL ROAD, LANSING, MI 48917",13.68,9.0,5.0,4.0,6.0,3,31682,9.8,73.7,13.9,0.7,5.9,0.0,5.7
"DELTA TOWNSHIP UTILITIES, LLC",N6950,8175 MILLETT HIGHWAY,LANSING,48917,EATON,272-00A,2005-04-05,Rolled into ROP,0,"8175 MILLETT HIGHWAY, LANSING, MI 48917",17.07,9.0,3.0,0.0,3.0,3,31682,9.8,73.7,13.9,0.7,5.9,0.0,5.7
NORPLAS INDUSTRIES,P0429,5589 W MOUNT HOPE HIGHWAY,DELTA TOWNSHIP,48917,EATON,38-13,2013-05-03,Rolled into ROP,0,"5589 W MOUNT HOPE HIGHWAY, DELTA TOWNSHIP, MI 48917",8.99,8.99,5.0,1.0,5.0,3,31682,9.8,73.7,13.9,0.7,5.9,0.0,5.7
GENERAL MOTORS CORPORATION,B4032,823 JOSLYN AVENUE,PONTIAC,48340,OAKLAND,218-04A,2005-05-09,Rolled into ROP,0,"823 JOSLYN AVENUE, PONTIAC, MI 48340",16.98,9.0,2.0,1.0,2.0,1,25330,31.3,51.6,34.1,0.4,2.7,0.1,10.9
GENERAL MOTORS CORPORATION,B4049,6250 CHICAGO ROAD,WARREN,48092,MACOMB,298-99,2000-01-18,Rolled into ROP,0,"6250 CHICAGO ROAD, WARREN, MI 48090",22.28,9.0,3.0,2.0,4.0,1,26737,12.0,73.5,9.1,0.1,14.3,0.1,2.9
ROCK-TENN COMPANY,B4072,177 ANGELL STREET,BATTLE CREEK,49037,CALHOUN,310-00,2000-12-20,Rolled into ROP,0,"177 ANGELL STREET, BATTLE CREEK, MI 49037",21.36,9.0,3.0,0.0,3.0,2,20115,25.6,64.5,23.9,0.2,4.8,0.0,6.7
DENSO MANUFACTURING,N1192,1 DENSO ROAD,BATTLE CREEK,49037,CALHOUN,577-97,1998-02-26,Rolled into ROP,0,"1 DENSO ROAD, BATTLE CREEK, MI 49037",24.17,9.0,4.0,1.0,3.0,2,20115,25.6,64.5,23.9,0.2,4.8,0.0,6.7
INDIANA MICHIGAN POWER,B4252,1 COOK PLACE,BRIDGMAN,49106,BERRIEN,34-05,2005-02-16,Rolled into ROP,0,"1 COOK PLACE, BRIDGMAN, MI 49106",17.2,9.0,2.0,0.0,2.0,2,4814,5.6,96.5,1.1,0.0,0.7,0.0,1.7
ANR PIPELINE COMPANY,N5575,3372 BROWNTOWN ROAD,BRIDGMAN,49106,BERRIEN,35-03,2003-08-15,Rolled into ROP,0,"3372 BROWNTOWN ROAD, BRIDGMAN, MI 49106",18.71,9.0,4.0,0.0,5.0,2,4814,5.6,96.5,1.1,0.0,0.7,0.0,1.7
L'ANSE WARDEN ELECTRIC,B4260,157 S MAIN STREET,L'ANSE,49946,BARAGA,168-07,2007-10-29,Rolled into ROP,0,"157 S MAIN STREET, L'ANSE, MI 49946",14.5,9.0,3.0,2.0,5.0,1,3651,14.1,82.1,1.6,9.7,0.2,0.0,6.4
SWEPI,B4292,1510 THOMAS ROAD,KALKASKA,49646,KALKASKA,311-72B,1998-03-26,Rolled into ROP,0,"1510 THOMAS ROAD, KALKASKA, MI 49646",24.1,9.0,4.0,0.0,5.0,6,8157,16.7,95.9,0.5,0.8,0.7,0.0,2.1
"CODING PRODUCTS, INC",B6175,111 W PARK DRIVE,KALKASKA,49646,KALKASKA,321-92C,1998-04-14,Rolled into ROP,0,"111 W PARK DRIVE, KALKASKA, MI 49646",24.04,9.0,5.0,0.0,3.0,6,8157,16.7,95.9,0.5,0.8,0.7,0.0,2.1
ANR STORAGE COMPANY,B7196,4936 STATE ROAD NE,KALKASKA,49646,KALKASKA,77-97,1998-06-10,Rolled into ROP,0,"4936 STATE ROAD NE, KALKASKA, MI 49646",23.89,9.0,4.0,0.0,6.0,6,8157,16.7,95.9,0.5,0.8,0.7,0.0,2.1
ANR STORAGE COMPANY,B7197,2170 RABOURN ROAD NE,KALKASKA,49646,KALKASKA,78-97,1998-06-10,Rolled into ROP,0,"2170 RABOURN ROAD NE, KALKASKA, MI 49646",23.89,9.0,4.0,0.0,5.0,6,8157,16.7,95.9,0.5,0.8,0.7,0.0,2.1
MICHIGAN CONSOLIDATED GAS,N3341,250 MICHCON LANE,KALKASKA,49646,KALKASKA,1443-91A,2013-01-18,Rolled into ROP,0,"250 MICHCON LANE, KALKASKA, MI 49646",9.28,9.0,4.0,0.0,3.0,6,8157,16.7,95.9,0.5,0.8,0.7,0.0,2.1
MICHIGAN PUBLIC POWER AGENCY,N7113,1510 THOMAS ROAD SW,KALKASKA,49646,KALKASKA,25-02,2002-05-13,Rolled into ROP,0,"1510 THOMAS ROAD SW, KALKASKA, MI 49646",19.96,9.0,4.0,0.0,2.0,6,8157,16.7,95.9,0.5,0.8,0.7,0.0,2.1
QUANEX CORPORATION,B4306,3100 BROOKLYN ROAD,JACKSON,49203,JACKSON,535-96B,1999-11-24,Rolled into ROP,0,"3100 BROOKLYN ROAD, JACKSON, MI 49203",22.43,9.0,5.0,3.0,6.0,2,38281,19.0,79.8,13.7,0.2,0.9,0.1,5.4
K M POWER COMPANY,N6626,2219 CHAPIN STREET,JACKSON,49203,JACKSON,206-99A,2000-06-26,Rolled into ROP,0,"2219 CHAPIN STREET, JACKSON, MI 49203",21.84,9.0,4.0,1.0,4.0,2,38281,19.0,79.8,13.7,0.2,0.9,0.1,5.4
DTE ELECTRIC COMPANY,B4321,6400 N DIXIE HIGHWAY,NEWPORT,48166,MONROE,462-99B,2004-09-16,Rolled into ROP,0,"6400 N DIXIE HIGHWAY, NEWPORT, MI 48166",17.62,9.0,5.0,0.0,4.0,1,11751,19.3,93.3,3.4,0.3,0.4,0.0,2.6
"TILDEN MINING COMPANY, LC",B4885,1 TILDEN MINE ROAD,ISHPEMING,49849,MARQUETTE,70-02,2002-06-28,Rolled into ROP,0,"1 TILDEN MINE ROAD, ISHPEMING, MI 49849",19.84,9.0,5.0,1.0,4.0,1,12118,10.4,95.1,0.8,0.4,0.8,0.0,3.0
"DOW AGROSCIENCES, LLC",B4942,305 N HURON AVENUE,HARBOR BEACH,48441,HURON,142-95A,1998-10-22,Rolled into ROP,0,"305 N HURON AVENUE, HARBOR BEACH, MI 48441",23.52,9.0,4.0,4.0,4.0,1,4004,12.7,96.0,0.8,0.8,0.9,0.0,1.5
"AJAX METAL PROCESSING, INC",B5830,4651 BELLEVUE AVENUE,DETROIT,48207,WAYNE,14-05,2005-01-25,Rolled into ROP,0,"4651 BELLEVUE AVENUE, DETROIT, MI 48207",17.26,9.0,4.0,1.0,5.0,1,20439,33.6,17.7,77.5,0.3,2.2,0.0,2.3
"ROMEO RIM, INC",B5854,74000 VAN DYKE ROAD,ROMEO,48065,MACOMB,407-97,1997-10-13,Rolled into ROP,0,"74000 VAN DYKE ROAD, ROMEO, MI 48065",24.55,9.0,5.0,3.0,5.0,3,11002,5.9,93.3,2.8,0.0,1.3,0.0,2.6
WASHINGTON 10 STORAGE,N3391,12700 30 MILE ROAD,WASHINGTON,48065,MACOMB,459-97A,2001-05-04,Rolled into ROP,0,"12700 30 MILE ROAD, WASHINGTON, MI 48065",20.99,9.0,5.0,2.0,6.0,3,11002,5.9,93.3,2.8,0.0,1.3,0.0,2.6
VECTOR PIPELINE LP,N7624,E 1/2 SE 1/4 NW 1/4 SEC 36,MACOMB TOWNSHIP,48065,MACOMB,182-06A,2008-08-14,Rolled into ROP,0,"E 1/2 SE 1/4 NW 1/4 SEC 36, MACOMB TOWNSHIP, MI 48065",13.71,9.0,4.0,0.0,3.0,3,11002,5.9,93.3,2.8,0.0,1.3,0.0,2.6
DETROIT EDISON COMPANY,B6145,7000 KILGORE ROAD,AVOCA,48006,SAINT CLAIR,180-72C,2001-07-19,Rolled into ROP,0,"7000 KILGORE ROAD, AVOCA, MI 48006",20.78,9.0,3.0,0.0,3.0,1,4028,10.7,96.6,0.4,0.0,0.3,0.0,2.7
FORD MOTOR COMPANY,B6230,21500 OAKWOOD BLVD,DEARBORN,48124,WAYNE,392-94A,1997-03-27,Rolled into ROP,0,"21500 OAKWOOD BLVD, DEARBORN, MI 48124",25.09,9.0,2.0,0.0,4.0,1,28359,12.0,90.8,4.5,0.2,1.3,0.0,3.3
MICHIGAN CONSOLIDATED GAS,B6480,1647 CAUGHILL ROAD,COLUMBUS,48063,SAINT CLAIR,446-97B,1999-11-12,Rolled into ROP,0,"1647 CAUGHILL ROAD, COLUMBUS, MI 48063",22.46,9.0,4.0,1.0,6.0,1,3993,4.0,95.0,2.6,0.0,0.0,0.0,2.4
TIARA YACHTS,B6619,725 E 40TH STREET,HOLLAND,49423,OTTAWA,433-96,1997-12-03,Rolled into ROP,0,"725 E 40TH STREET, HOLLAND, MI 49423",24.41,9.0,4.0,0.0,4.0,5,41484,10.8,84.5,3.4,0.5,2.5,0.0,9.0
"HAWORTH, INC",B7186,1 HAWORTH CENTER,HOLLAND,49423,ALLEGAN,614-85D,1998-09-17,Rolled into ROP,0,"1 HAWORTH CENTER, HOLLAND, MI 49423",23.62,9.0,3.0,2.0,4.0,5,41484,10.8,84.5,3.4,0.5,2.5,0.0,9.0
SHERWIN-WILLIAMS COMPANY,B7711,636 E 40TH STREET,HOLLAND,49423,ALLEGAN,564-96,1997-01-29,Rolled into ROP,0,"636 E 40TH STREET, HOLLAND, MI 49423",25.25,9.0,3.0,1.0,5.0,5,41484,10.8,84.5,3.4,0.5,2.5,0.0,9.0
HOLLAND BOARD OF PUBLIC,N2586,491 E 48TH STREET,HOLLAND,49423,ALLEGAN,314-99A,2000-06-30,Rolled into ROP,0,"491 E 48TH STREET, HOLLAND, MI 49423",21.83,9.0,3.0,1.0,4.0,5,41484,10.8,84.5,3.4,0.5,2.5,0.0,9.0
HOLLAND BOARD OF PUBLIC,P0465,1 ENERGY PARK WAY,HOLLAND,49423,OTTAWA,107-13F,2018-03-05,Rolled into ROP,0,"1 ENERGY PARK WAY, HOLLAND, MI 49423",4.15,4.15,5.0,1.0,5.0,5,41484,10.8,84.5,3.4,0.5,2.5,0.0,9.0
CONSUMERS ENERGY COMPANY,B6636,69333 OMO ROAD,ARMADA,48005,MACOMB,448-97,1998-04-06,Rolled into ROP,0,"69333 OMO ROAD, ARMADA, MI 48005",24.07,9.0,1.0,2.0,1.0,1,5439,4.9,97.0,0.8,0.4,0.2,0.0,1.7
CONSUMERS ENERGY COMPANY,B6637,10021 MARINE CITY HIGHWAY,SAINT CLAIR,48023,SAINT CLAIR,449-97,1998-04-06,Rolled into ROP,0,"10021 MARINE CITY HIGHWAY, SAINT CLAIR, MI 48023",24.07,9.0,2.0,2.0,2.0,1,5094,7.8,98.4,1.0,0.1,0.0,0.0,0.6000000000000001
"HURON CASTING, INC",B7013,7050 HARTLEY STREET & 125 STURM ROAD,PIGEON,48755,HURON,668-88C,1997-02-03,Rolled into ROP,0,"7050 HARTLEY STREET & 125 STURM ROAD, PIGEON, MI 48755",25.24,9.0,5.0,6.0,4.0,1,2968,9.1,96.0,1.1,0.3,0.4,0.0,2.2
CHAMPION INTERNATIONAL,B7192,6791 US-2 WEST,QUINNESEC,49876,DICKINSON,24-90A,1997-06-19,Rolled into ROP,0,"6791 US-2 WEST, QUINNESEC, MI 49876",24.86,9.0,3.0,1.0,7.0,1,1198,5.2,100.0,0.0,0.0,0.0,0.0,0.0
ANR STORAGE COMPANY,B7198,10000 PFLUM ROAD NE,MANCELONA,49659,KALKASKA,79-97A,2001-01-22,Rolled into ROP,0,"10000 PFLUM ROAD NE, MANCELONA, MI 49659",21.27,9.0,2.0,0.0,6.0,1,6769,16.2,95.1,0.9,0.9,0.6,0.0,2.5
"GUARDIAN FIBERGLASS, INC",B7205,1000 E NORTH STREET,ALBION,49224,CALHOUN,282-02D,2007-02-05,Rolled into ROP,0,"1000 E NORTH STREET, ALBION, MI 49224",15.23,9.0,3.0,5.0,3.0,2,12377,21.5,75.0,19.6,0.5,0.3,0.0,4.5
"ANDERSONS ALBION ETHANOL,",B8570,26250 B DRIVE NORTH,SHERIDAN TOWNSHIP,49224,CALHOUN,120-05H,2014-07-28,Rolled into ROP,0,"26250 B DRIVE NORTH, SHERIDAN TOWNSHIP, MI 49224",7.76,7.76,3.0,4.0,3.0,2,12377,21.5,75.0,19.6,0.5,0.3,0.0,4.5
ANR PIPELINE COMPANY,B7219,6327 OLD STATE ROAD,GAYLORD,49751,OTSEGO,75-97,1997-10-24,Rolled into ROP,0,"6327 OLD STATE ROAD, GAYLORD, MI 49751",24.52,9.0,4.0,0.0,5.0,3,2016,10.4,97.0,0.0,1.6,0.6,0.1,0.5
ANR PIPELINE COMPANY,B7390,14490 BECKETT ROAD,JOHANNESBURG,49751,OTSEGO,576-96,1997-10-24,Rolled into ROP,0,"14490 BECKETT ROAD, JOHANNESBURG, MI 49751",24.52,9.0,4.0,0.0,3.0,3,2016,10.4,97.0,0.0,1.6,0.6,0.1,0.5
CMS ANTRIM GAS COMPANY,N2940,"NW 1/4 SEC 17, T29N, R2W",SOUTH CHESTER,49751,OTSEGO,569-96,1997-05-20,Rolled into ROP,0,"NW 1/4 SEC 17, T29N, R2W, SOUTH CHESTER, MI 49751",24.95,9.0,4.0,2.0,9.0,3,2016,10.4,97.0,0.0,1.6,0.6,0.1,0.5
DTE GAS COMPANY,B7221,3515 CHILDS LAKE ROAD,MILFORD,48381,OAKLAND,209-16,2017-01-26,Rolled into ROP,0,"3515 CHILDS LAKE ROAD, MILFORD, MI 48381",5.26,5.26,3.0,1.0,5.0,1,13407,7.3,94.9,0.8,0.5,1.3,0.0,2.5
"SOUR GAS VENTURES, LLC",B7222,"SEC 15, T28N, R4W",FREDERIC,49348,CRAWFORD,295-81E,2001-06-29,Rolled into ROP,0,"SEC 15, T28N, R4W, FREDERIC, MI 49348",20.84,9.0,5.0,1.0,5.0,1,12378,6.7,93.6,1.5,0.1,0.8,0.0,4.0
JAGUAR ENERGY,B7222,"SEC 15, T28N, R4W",FREDERIC,49733,CRAWFORD,377-07,2007-12-18,Rolled into ROP,0,"SEC 15, T28N, R4W, FREDERIC, MI 49733",14.37,9.0,5.0,1.0,5.0,1,2064,17.7,96.3,0.0,0.9,0.0,0.0,2.7
GENERAL MOTORS CORPORATION,B7227,4555 GIDDINGS ROAD,ORION,48359,OAKLAND,208-80B,1997-12-10,Rolled into ROP,0,"4555 GIDDINGS ROAD, ORION, MI 48359",24.39,9.0,1.0,0.0,1.0,1,9695,8.1,83.2,6.0,0.6,5.5,0.0,4.7
DAIMLERCHRYSLER CORPORATION,B7248,38111 VAN DYKE AVENUE,STERLING HEIGHTS,48312,MACOMB,263-80D,1999-12-21,Rolled into ROP,0,"38111 VAN DYKE AVENUE, STERLING HEIGHTS, MI 48312",22.36,9.0,3.0,3.0,3.0,1,34547,9.6,79.4,8.4,0.1,8.6,0.0,3.5
LEAR CORPORATION,B7294,505 HOOVER STREET,FARWELL,48622,CLARE,91-06C,2012-06-13,Rolled into ROP,0,"505 HOOVER STREET, FARWELL, MI 48622",9.88,9.0,3.0,4.0,4.0,1,5762,13.3,97.0,1.2,0.6,0.2,0.0,0.8999999999999999
WEYERHAEUSER COMPANY,B7302,4111 W 4 MILE ROAD,GRAYLING,49738,CRAWFORD,535-94A,2002-02-22,Rolled into ROP,0,"4111 W 4 MILE ROAD, GRAYLING, MI 49738",20.18,9.0,4.0,0.0,5.0,2,9598,17.1,96.3,1.0,0.1,1.3,0.0,1.3
GRAYLING GENERATING STATION,N2388,4400 W 4 MILE ROAD,GRAYLING,49738,CRAWFORD,882-89E,2001-09-18,Rolled into ROP,0,"4400 W 4 MILE ROAD, GRAYLING, MI 49738",20.61,9.0,2.0,2.0,1.0,2,9598,17.1,96.3,1.0,0.1,1.3,0.0,1.3
HILLSDALE BOARD OF PUBLIC,B7536,201 WATERWORKS AVENUE,HILLSDALE,49242,HILLSDALE,198-99,1999-06-10,Rolled into ROP,0,"201 WATERWORKS AVENUE, HILLSDALE, MI 49242",22.89,9.0,3.0,0.0,4.0,1,13384,20.0,95.9,1.2,0.1,0.9,0.0,1.9
"LAFATA ENTERPRISES, INC",B7625,50905 HAYES ROAD,SHELBY TOWNSHIP,48315,MACOMB,295-04,2005-07-06,Rolled into ROP,0,"50905 HAYES ROAD, SHELBY TOWNSHIP, MI 48315",16.82,9.0,4.0,1.0,3.0,1,27401,4.7,91.6,2.5,0.0,3.7,0.0,2.2
ANR PIPELINE COMPANY,B8337,36555 29 MILE ROAD,MUTTONVILLE,48014,MACOMB,579-96,1997-10-24,Rolled into ROP,0,"36555 29 MILE ROAD, MUTTONVILLE, MI 48014",24.52,9.0,5.0,1.0,4.0,1,4097,7.9,92.0,0.2,0.1,0.0,0.0,7.6
GREAT LAKES GAS TRANSMISSION,B8573,10339 GREAT LAKES ROAD,BOYNE FALLS,49713,CHARLEVOIX,438-87B,1999-02-16,Rolled into ROP,0,"10339 GREAT LAKES ROAD, BOYNE FALLS, MI 49713",23.2,9.0,4.0,0.0,3.0,1,2091,9.9,95.6,0.5,1.3,0.0,0.0,2.6
"VOLTEK, INC",B8786,17 ALLEN AVENUE,COLDWATER,49036,BRANCH,422-99,2000-03-29,Rolled into ROP,0,"17 ALLEN AVENUE, COLDWATER, MI 49036",22.09,9.0,3.0,2.0,4.0,3,21278,13.5,91.0,4.3,0.6,1.2,0.0,2.9
ASAMA COLDWATER,N5814,180 ASAMA PARKWAY,COLDWATER,49036,BRANCH,139-96C,2004-02-25,Rolled into ROP,0,"180 ASAMA PARKWAY, COLDWATER, MI 49036",18.18,9.0,4.0,5.0,4.0,3,21278,13.5,91.0,4.3,0.6,1.2,0.0,2.9
IMCO RECYCLING OF MICHIGAN,N5957,267 N FILLMORE ROAD,COLDWATER,49036,BRANCH,321-96A,1998-08-03,Rolled into ROP,0,"267 N FILLMORE ROAD, COLDWATER, MI 49036",23.74,9.0,4.0,11.0,4.0,3,21278,13.5,91.0,4.3,0.6,1.2,0.0,2.9
MARATHON ASHLAND PETROLEUM,B9073,2216 S 3RD STREET,NILES,49120,BERRIEN,75-98,1998-06-10,Rolled into ROP,0,"2216 S 3RD STREET, NILES, MI 49120",23.89,9.0,2.0,0.0,3.0,3,35993,14.8,88.5,6.6,0.6,0.6,0.0,3.7
TOEFCO ENGINEERED COATING,N2610,1220 N 14TH STREET,NILES,49120,BERRIEN,214-03,2003-09-10,Rolled into ROP,0,"1220 N 14TH STREET, NILES, MI 49120",18.64,9.0,5.0,5.0,4.0,3,35993,14.8,88.5,6.6,0.6,0.6,0.0,3.7
TOEFCO ENGINEERED COATING,P0708,1919 INDUSTRIAL DRIVE,NILES,49120,BERRIEN,86-16,2016-07-22,Rolled into ROP,0,"1919 INDUSTRIAL DRIVE, NILES, MI 49120",5.77,5.77,2.0,1.0,2.0,3,35993,14.8,88.5,6.6,0.6,0.6,0.0,3.7
DART CONTAINER CORPORATION,D8065,3120 HOWELL ROAD,MASON,48854,INGHAM,728-96,1997-05-08,Rolled into ROP,0,"3120 HOWELL ROAD, MASON, MI 48854",24.98,9.0,2.0,0.0,4.0,1,19172,7.6,93.0,2.5,0.2,1.8,0.0,2.5
WILLIAM BEAUMONT HOSPITAL,G5067,3601 W 13 MILE ROAD,ROYAL OAK,48073,OAKLAND,247-97B,2002-06-26,Rolled into ROP,0,"3601 W 13 MILE ROAD, ROYAL OAK, MI 48073",19.84,9.0,5.0,0.0,5.0,1,34420,7.0,89.4,4.2,0.1,4.7,0.1,1.5
HENRY FORD HOSPITAL,K1271,2799 W GRAND BLVD,DETROIT,48202,WAYNE,307-99,2000-01-04,Rolled into ROP,0,"2799 W GRAND BLVD, DETROIT, MI 48202",22.32,9.0,3.0,0.0,4.0,1,14282,36.8,24.7,66.4,0.7,4.7,0.1,3.4
WESTERN MICHIGAN UNIVERSITY,K2131,1903 W MICHIGAN AVENUE,KALAMAZOO,49008,KALAMAZOO,2-91D,1998-11-13,Rolled into ROP,0,"1903 W MICHIGAN AVENUE, KALAMAZOO, MI 49008",23.46,9.0,2.0,2.0,3.0,1,15548,19.4,80.5,9.7,0.2,3.2,0.0,6.4
CENTRAL MICHIGAN UNIVERSITY,K2460,1720 S EAST CAMPUS DRIVE,MOUNT PLEASANT,48858,ISABELLA,80-99,1999-05-17,Rolled into ROP,0,"1720 S EAST CAMPUS DRIVE, MOUNT PLEASANT, MI 48859",22.95,9.0,2.0,0.0,2.0,1,44171,31.7,85.1,3.6,4.0,2.5,0.0,4.9
UNIVERSITY OF MICHIGAN,M0675,1120 E HURON STREET,ANN ARBOR,48104,WASHTENAW,42-98,1998-10-06,Rolled into ROP,0,"1120 E HURON STREET, ANN ARBOR, MI 48104",23.57,9.0,3.0,1.0,4.0,1,40120,35.0,78.3,4.7,0.2,12.6,0.1,4.1
UNIVERSITY OF MICHIGAN,M0675,1500 E MEDICAL CENTER DRIVE,ANN ARBOR,48109,WASHTENAW,359-01,2002-04-25,Rolled into ROP,0,"1500 E MEDICAL CENTER DRIVE, ANN ARBOR, MI 48109",20.01,9.0,3.0,1.0,4.0,1,26,73.1,66.7,7.4,0.4,21.3,0.0,4.1
"CHRYSLER GROUP, LLC",M4085,11570 E WARREN AVENUE,DETROIT,48214,WAYNE,261-99B,2013-07-18,Rolled into ROP,0,"11570 E WARREN AVENUE, DETROIT, MI 48214",8.78,8.78,5.0,2.0,5.0,1,21055,32.3,18.0,79.6,0.2,0.4,0.0,1.7999999999999998
DETROIT METROPOLITAN WAYNE,M4174,L C SMITH TERMINAL,ROMULUS,48174,WAYNE,87-07,2007-03-07,Rolled into ROP,0,"L C SMITH TERMINAL, ROMULUS, MI 48174",15.15,9.0,2.0,0.0,2.0,1,31324,16.2,61.6,32.4,0.1,2.1,0.0,3.8
GENERAL MOTORS CORPORATION,M4199,2500 E GENERAL MOTORS BLVD,DETROIT,48211,WAYNE,3-Aug,2003-02-12,Rolled into ROP,0,"2500 E GENERAL MOTORS BLVD, DETROIT, MI 48211",19.21,9.0,3.0,1.0,4.0,1,5551,45.2,39.3,51.4,0.2,1.9,0.0,7.2
RIVERVIEW ENERGY SYSTEMS,M4469,20000 GRANGE ROAD,RIVERVIEW,48193,WAYNE,250-00,2002-05-03,Rolled into ROP,0,"20000 GRANGE ROAD, RIVERVIEW, MI 48193",19.99,9.0,3.0,6.0,3.0,1,15208,11.4,87.0,6.6,0.1,4.0,0.0,2.3
FORD MOTOR COMPANY,M4734,35500 PLYMOUTH ROAD,LIVONIA,48150,WAYNE,292-05,2005-11-28,Rolled into ROP,0,"35500 PLYMOUTH ROAD, LIVONIA, MI 48150",16.42,9.0,3.0,0.0,3.0,1,25666,5.9,91.2,3.9,0.1,2.3,0.0,2.6
E Q ENVIRONMENTAL QUALITY,M4782,49350 N I-94 SERVICE DRIVE,BELLEVILLE,48111,WAYNE,107-03,2003-06-03,Rolled into ROP,0,"49350 N I-94 SERVICE DRIVE, BELLEVILLE, MI 48111",18.91,9.0,4.0,0.0,4.0,2,40681,10.8,71.2,22.6,0.1,1.0,0.0,5.0
FIRSTENERGY GENERATION,M4854,8509 RAWSONVILLE ROAD,BELLEVILLE,48111,WAYNE,247-00C,2006-06-07,Rolled into ROP,0,"8509 RAWSONVILLE ROAD, BELLEVILLE, MI 48111",15.9,9.0,4.0,0.0,4.0,2,40681,10.8,71.2,22.6,0.1,1.0,0.0,5.0
MOLDED PLASTIC INDUSTRIES,N0034,2382 JARCO DRIVE,HOLT,48842,INGHAM,106-18,2018-11-05,Rolled into ROP,0,"2382 JARCO DRIVE, HOLT, MI 48842",3.48,3.48,1.0,0.0,3.0,1,21877,11.6,82.8,7.4,0.2,4.2,0.0,5.3
"STEELCASE, INC",N0677,4386 52ND STREET SE,KENTWOOD,49508,KENT,664-86A,1999-01-25,Rolled into ROP,0,"4386 52ND STREET SE, KENTWOOD, MI 49508",23.26,9.0,4.0,2.0,4.0,2,39241,10.4,59.4,24.9,0.3,9.7,0.0,5.7
WORTHEN COATED FABRICS,P0634,1125 41ST STREET SE,GRAND RAPIDS,49508,KENT,151-15,2015-09-14,Rolled into ROP,0,"1125 41ST STREET SE, GRAND RAPIDS, MI 49508",6.63,6.63,4.0,7.0,4.0,2,39241,10.4,59.4,24.9,0.3,9.7,0.0,5.7
"STEELCASE, INC",N0677,4100 68TH STREET SE,CALEDONIA,49316,KENT,286-99,2000-01-06,Rolled into ROP,0,"4100 68TH STREET SE, CALEDONIA, MI 49316",22.31,9.0,4.0,2.0,4.0,1,23192,5.6,90.4,2.7,0.1,3.8,0.0,3.0
LOUISIANA-PACIFIC CORPORATION,N0780,461 MILLER ROAD,NEWBERRY,49868,LUCE,254-84G,1998-07-09,Rolled into ROP,0,"461 MILLER ROAD, NEWBERRY, MI 49868",23.81,9.0,4.0,0.0,3.0,1,4228,17.5,76.0,8.1,7.6,0.6,0.2,7.5
"ALBAR INDUSTRIES, INC",N0802,780 WHITNEY DRIVE,LAPEER,48446,LAPEER,334-89C,2000-08-23,Rolled into ROP,0,"780 WHITNEY DRIVE, LAPEER, MI 48446",21.68,9.0,1.0,5.0,1.0,1,29372,11.6,93.5,3.2,0.2,0.7,0.1,2.3
MORGAN OLSON CORPORATION,N0879,1861 S CENTERVILLE ROAD,STURGIS,49091,SAINT JOSEPH,367-07B,2008-03-31,Rolled into ROP,0,"1861 S CENTERVILLE ROAD, STURGIS, MI 49091",14.08,9.0,4.0,1.0,4.0,1,19369,19.0,91.6,0.6,0.7,0.0,0.2,7.0
VIKING ENERGY OF LINCOLN,N0890,509 W STATE STREET,LINCOLN,48742,ALCONA,260-86C,1997-01-30,Rolled into ROP,0,"509 W STATE STREET, LINCOLN, MI 48742",25.25,9.0,4.0,0.0,5.0,1,1586,14.2,98.3,0.2,0.2,0.0,0.0,1.4
"LACKS ENTERPRISES, INC",N0895,4260 AIRLANE DRIVE SE,KENTWOOD,49512,KENT,285-01,2001-10-23,Rolled into ROP,0,"4260 AIRLANE DRIVE SE, KENTWOOD, MI 49512",20.52,9.0,4.0,3.0,5.0,3,17528,8.7,62.6,28.4,0.2,6.7,0.2,1.9
"LACKS ENTERPRISES, INC",N2079,4375 52ND STREET SE,KENTWOOD,49512,KENT,80-89C,2000-06-30,Rolled into ROP,0,"4375 52ND STREET SE, KENTWOOD, MI 49512",21.83,9.0,2.0,5.0,8.0,3,17528,8.7,62.6,28.4,0.2,6.7,0.2,1.9
KAWASAKI MOTORS CORP USA,P0677,5080 36TH STREET SE,GRAND RAPIDS,49512,KENT,230-15,2016-03-10,Rolled into ROP,0,"5080 36TH STREET SE, GRAND RAPIDS, MI 49152",6.14,6.14,3.0,4.0,3.0,3,17528,8.7,62.6,28.4,0.2,6.7,0.2,1.9
AUTOALLIANCE INTERNATIONAL,N0929,1 INTERNATIONAL DRIVE,FLAT ROCK,48134,WAYNE,181-04,2004-08-04,Rolled into ROP,0,"1 INTERNATIONAL DRIVE, FLAT ROCK, MI 48134",17.74,9.0,3.0,12.0,3.0,1,21908,10.7,88.0,6.6,0.2,1.4,0.0,3.8
VIKING ENERGY OF MCBAIN,N1160,6751 W GERWOUDE DRIVE,MCBAIN,49657,MISSAUKEE,261-86G,1999-10-07,Rolled into ROP,0,"6751 W GERWOUDE DRIVE, MCBAIN, MI 49657",22.56,9.0,4.0,1.0,4.0,1,3607,9.4,97.0,0.5,0.1,0.0,0.0,2.5
"HILLMAN POWER COMPANY, LLC",N1266,750 PROGRESS STREET,HILLMAN,49746,MONTMORENCY,687-86G,2002-03-13,Rolled into ROP,0,"750 PROGRESS STREET, HILLMAN, MI 49746",20.13,9.0,3.0,3.0,3.0,1,3249,14.6,97.9,0.5,0.0,0.4,0.0,1.3
LOUISIANA-PACIFIC CORPORATION,N1315,N5804 HIGHWAY M-95 SOUTH,SAGOLA,49881,DICKINSON,19-88F,2000-09-19,Rolled into ROP,0,"N5804 HIGHWAY M-95 SOUTH, SAGOLA, MI 49881",21.61,9.0,4.0,0.0,5.0,1,298,7.7,97.0,0.0,0.0,0.0,0.0,3.0
"MAYCO PLASTICS, INC",N1316,42400 MERRILL ROAD,STERLING HEIGHTS,48314,MACOMB,108-04,2004-04-22,Rolled into ROP,0,"42400 MERRILL ROAD, STERLING HEIGHTS, MI 48314",18.02,9.0,5.0,0.0,5.0,1,20560,9.8,85.7,4.4,0.1,8.0,0.0,1.7
ENERGY DEVELOPMENTS BYRON,N1324,10300 S KENT DRIVE SW,BYRON CENTER,49315,KENT,212-08B,2020-05-28,Rolled into ROP,0,"10300 S KENT DRIVE SW, BYRON CENTER, MI 49315",1.92,1.92,5.0,0.0,4.0,2,23148,3.3,91.3,1.4,0.5,3.6,0.0,3.2
FALCON MANUFACTURING OF,N1794,8240 BYRON CENTER ROAD,BYRON CENTER,49315,KENT,423-97,1997-10-29,Rolled into ROP,0,"8240 BYRON CENTER ROAD, BYRON CENTER, MI 49315",24.5,9.0,4.0,6.0,4.0,2,23148,3.3,91.3,1.4,0.5,3.6,0.0,3.2
DAIMLERCHRYSLER CORPORATION,N1436,800 CHRYSLER DRIVE,AUBURN HILLS,48326,OAKLAND,633-86E,2000-05-15,Rolled into ROP,0,"800 CHRYSLER DRIVE, AUBURN HILLS, MI 48326",21.96,9.0,4.0,3.0,4.0,2,22265,11.9,60.3,16.4,0.3,18.2,0.2,4.7
OAKLAND HEIGHTS,N6008,2350 BROWN ROAD,AUBURN HILLS,48326,OAKLAND,15-Nov,2015-02-27,Rolled into ROP,0,"2350 BROWN ROAD, AUBURN HILLS, MI 48326",7.17,7.17,4.0,4.0,4.0,2,22265,11.9,60.3,16.4,0.3,18.2,0.2,4.7
MICHIGAN AUTOMOTIVE,N1966,2400 N DEARING ROAD,PARMA,49269,JACKSON,137-01,2001-09-25,Rolled into ROP,0,"2400 N DEARING ROAD, PARMA, MI 49269",20.59,9.0,2.0,0.0,3.0,1,6125,9.0,97.4,0.5,0.3,0.0,0.0,1.7000000000000002
DAIMLERCHRYSLER CORPORATION,N2155,2101 CONNER STREET,DETROIT,48215,WAYNE,153-97A,2001-05-29,Rolled into ROP,0,"2101 CONNER STREET, DETROIT, MI 48215",20.92,9.0,2.0,6.0,3.0,1,11633,40.2,9.7,87.8,0.0,0.3,0.0,2.2
DAIMLERCHRYSLER CORPORATION,N2155,2101 CONNER STREET,DETROIT,48225,WAYNE,615-86A,2002-10-08,Rolled into ROP,0,"2101 CONNER STREET, DETROIT, MI 48225",19.56,9.0,2.0,6.0,3.0,1,13957,18.8,31.8,61.0,0.3,2.2,0.0,4.8
"DGP, INC",N2383,3260 FENNER STREET,MARLETTE,48453,SANILAC,184-02,2004-03-17,Rolled into ROP,0,"3260 FENNER STREET, MARLETTE, MI 48453",18.12,9.0,3.0,2.0,3.0,1,5096,24.5,96.1,0.9,0.2,0.5,0.0,2.2
"FOREST LAWN LANDFILL, INC",N2407,8230 W FOREST LAWN ROAD,THREE OAKS,49128,BERRIEN,54-05,2005-04-19,Rolled into ROP,0,"8230 W FOREST LAWN ROAD, THREE OAKS, MI 49128",17.03,9.0,3.0,0.0,3.0,1,3390,17.5,97.4,0.3,0.4,0.3,0.0,1.7
"OWOSSO COMPOSITE, LLC",N2430,401 S DELANEY ROAD,OWOSSO,48867,SHIAWASSEE,129-16B,2018-08-29,Rolled into ROP,0,"401 S DELANEY ROAD, OWOSSO, MI 48867",3.67,3.67,1.0,2.0,2.0,1,26808,12.3,96.6,0.8,0.1,0.2,0.1,2.2
BEHR INDUSTRIES CORPORATION,N2614,1020 7 MILE ROAD NW,COMSTOCK PARK,49321,KENT,127-99,1999-06-22,Rolled into ROP,0,"1020 7 MILE ROAD NW, COMSTOCK PARK, MI 49321",22.86,9.0,5.0,1.0,5.0,1,17056,10.7,88.2,4.6,0.5,1.9,0.0,4.8
BROWNING-FERRIS GAS SERVICES,N2688,10611 5 MILE ROAD,NORTHVILLE,48168,WASHTENAW,913-90D,1997-11-18,Rolled into ROP,0,"10611 5 MILE ROAD, NORTHVILLE, MI 48168",24.45,9.0,4.0,36.0,23.0,1,22825,1.6,78.7,2.3,0.2,15.7,0.0,3.2
CENTRAL SANITARY LANDFILL,N2804,21545 CANNONSVILLE ROAD,PIERSON,49339,MONTCALM,80-04,2004-05-04,Rolled into ROP,0,"21545 CANNONSVILLE ROAD, PIERSON, MI 49339",17.99,9.0,4.0,4.0,4.0,1,2156,7.1,90.6,1.3,0.7,0.1,0.0,7.3
LEXAMAR CORPORATION,N2812,100 LEXAMAR DRIVE,BOYNE CITY,49712,CHARLEVOIX,397-94B,2001-05-08,Rolled into ROP,0,"100 LEXAMAR DRIVE, BOYNE CITY, MI 49712",20.98,9.0,4.0,1.0,3.0,1,7970,6.1,95.4,0.2,1.1,0.9,0.2,2.1
"GAS RECOVERY SYSTEMS, LLC",N2896,14800 P DRIVE NORTH,MARSHALL,49068,CALHOUN,132-06,2006-06-26,Rolled into ROP,0,"14800 P DRIVE NORTH, MARSHALL, MI 49068",15.84,9.0,3.0,0.0,4.0,2,14529,10.0,98.0,0.3,0.0,0.8,0.0,0.7999999999999999
ALTERNATIVE POWER LP,P0222,19401 15 MILE ROAD,MARSHALL,49068,CALHOUN,332-97,1997-08-29,Rolled into ROP,0,"19401 15 MILE ROAD, MARSHALL, MI 49068",24.67,9.0,3.0,2.0,5.0,2,14529,10.0,98.0,0.3,0.0,0.8,0.0,0.7999999999999999
CONSUMERS ENERGY COMPANY,N2901,8613 PINE ROAD,MARION,49665,CLARE,161-01,2001-09-04,Rolled into ROP,0,"8613 PINE ROAD, MARION, MI 49665",20.65,9.0,4.0,0.0,4.0,1,4134,20.4,96.9,0.2,1.4,0.3,0.0,1.1
"TOYOTA TECHNICAL CENTER USA,",N2915,1555 & 1588 WOODRIDGE ROAD,ANN ARBOR,48105,WASHTENAW,45-03C,2008-05-20,Rolled into ROP,0,"1555 & 1588 WOODRIDGE ROAD, ANN ARBOR, MI 48105",13.94,9.0,4.0,1.0,4.0,1,33312,17.6,58.5,6.4,0.2,30.8,0.0,4.2
EATON RAPIDS GAS STORAGE,N3022,3349 S WAVERLY ROAD,EATON RAPIDS,48827,EATON,76-97,1997-11-17,Rolled into ROP,0,"3349 S WAVERLY ROAD, EATON RAPIDS, MI 48827",24.45,9.0,3.0,0.0,3.0,1,16033,8.9,96.5,1.2,0.2,0.5,0.0,1.6
GRANGER ELECTRIC COMPANY,N3294,15550 68TH AVENUE,COOPERSVILLE,49404,OTTAWA,173-05,2005-09-08,Rolled into ROP,0,"15550 68TH AVENUE, COOPERSVILLE, MI 49404",16.64,9.0,4.0,0.0,4.0,1,8517,7.0,94.8,0.1,1.0,0.4,0.0,3.8
WASHINGTON 10 STORAGE,N3391,12700 30 MILE ROAD,WASHINGTON,48095,MACOMB,28-04A,2005-01-20,Rolled into ROP,0,"12700 30 MILE ROAD, WASHINGTON, MI 48095",17.27,9.0,5.0,2.0,6.0,1,5765,2.8,94.3,0.9,0.1,2.3,0.0,2.4
"GENESEE POWER STATION, LTD",N3570,G5310 N DORT HIGHWAY,FLINT,48505,GENESEE,579-92A,2000-03-02,Rolled into ROP,0,"G5310 N DORT HIGHWAY, FLINT, MI 48505",22.16,9.0,4.0,2.0,4.0,2,20286,41.8,12.5,80.0,0.2,0.1,0.0,7.1000000000000005
"UNIVERSAL COATING, INC",N7256,5204 ENERGY DRIVE,FLINT,48505,GENESEE,96-03D,2017-02-23,Rolled into ROP,0,"5204 ENERGY DRIVE, FLINT, MI 48505",5.18,5.18,2.0,4.0,3.0,2,20286,41.8,12.5,80.0,0.2,0.1,0.0,7.1000000000000005
"D & R FABRICATION, INC",N3748,200 N GOODING STREET,BELDING,48809,IONIA,160-99,2001-10-26,Rolled into ROP,0,"200 N GOODING STREET, BELDING, MI 48809",20.51,9.0,5.0,0.0,6.0,1,10608,14.3,95.9,0.0,0.0,0.1,0.0,3.9
DONNELLY CORPORATION,N5056,700 S PARK DRIVE,NEWAYGO,49337,NEWAYGO,450-93B,2000-11-28,Rolled into ROP,0,"700 S PARK DRIVE, NEWAYGO, MI 49337",21.42,9.0,4.0,1.0,4.0,2,11988,16.8,94.7,0.9,0.3,0.1,0.1,3.7
MAGNA DONNELLY CORPORATION,N5056,700 S PARK DRIVE,NEWAYGO,49337,NEWAYGO,450-93D,2007-02-26,Rolled into ROP,0,"700 S PARK DRIVE, NEWAYGO, MI 49937",15.17,9.0,4.0,1.0,4.0,2,11988,16.8,94.7,0.9,0.3,0.1,0.1,3.7
"UNITED STATES MARBLE, INC",N5101,7839 COSTABELLA ROAD,REMUS,49340,MECOSTA,218-98A,2005-09-08,Rolled into ROP,0,"7839 COSTABELLA ROAD, REMUS, MI 49340",16.64,9.0,4.0,4.0,4.0,1,2770,18.3,91.0,1.5,0.6,0.4,0.0,6.5
NORTH AMERICAN NATURAL,N5397,4516 RATHBUN ROAD,BIRCH RUN,48415,SAGINAW,321-06,2007-03-28,Rolled into ROP,0,"4516 RATHBUN ROAD, BIRCH RUN, MI 48415",15.09,9.0,4.0,0.0,4.0,1,9069,6.6,98.3,1.2,0.0,0.0,0.0,0.4
NORTH AMERICAN NATURAL,N5432,3200 CHAMBERLAIN ROAD,BUCHANAN,49107,BERRIEN,296-08,2008-11-12,Rolled into ROP,0,"3200 CHAMBERLAIN ROAD, BUCHANAN, MI 49107",13.46,9.0,3.0,0.0,4.0,1,10378,9.3,88.1,6.1,0.7,0.2,0.0,4.9
PANHANDLE EASTERN PIPE LINE,N5572,3990 CROOKED LAKE ROAD,HOWELL,48843,LIVINGSTON,72-20,2020-09-02,Rolled into ROP,0,"3990 CROOKED LAKE ROAD, HOWELL, MI 48843",1.66,1.66,3.0,0.0,3.0,1,44707,5.2,95.9,0.5,0.2,1.0,0.2,2.2
ANR PIPELINE COMPANY,N5576,6759 E 5 MILE ROAD,WHITE CLOUD,49349,NEWAYGO,317-06,2007-01-19,Rolled into ROP,0,"6759 E 5 MILE ROAD, WHITE CLOUD, MI 49349",15.28,9.0,3.0,0.0,3.0,1,7565,18.9,92.5,2.3,2.1,0.3,0.0,2.8
GREAT LAKES GAS TRANSMISSION,N5581,3400 HICKORY AVENUE,LAKE GEORGE,48633,CLARE,513-97,1997-12-12,Rolled into ROP,0,"3400 HICKORY AVENUE, LAKE GEORGE, MI 48633",24.38,9.0,4.0,0.0,4.0,1,107,14.0,100.0,0.0,0.0,0.0,0.0,0.0
"LYONS INDUSTRIES, INC",N5599,30000 M-62 WEST,DOWAGIAC,49047,CASS,320-95B,1999-11-03,Rolled into ROP,0,"30000 M-62 WEST, DOWAGIAC, MI 49047",22.49,9.0,4.0,1.0,4.0,1,14620,16.6,82.6,7.2,2.5,0.5,0.0,7.3
"NYLOK, LLC",N5656,15260 HALLMARK COURT,MACOMB,48042,MACOMB,140-11,2011-11-10,Rolled into ROP,0,"15260 HALLMARK COURT, MACOMB, MI 48042",10.47,9.0,3.0,3.0,3.0,1,31441,5.3,92.7,2.4,0.1,3.3,0.0,1.4
GRANGER ELECTRIC COMPANY,N5719,3290 HENNESEY ROAD,WATERVLIET,49098,BERRIEN,98-12,2012-08-27,Rolled into ROP,0,"3290 HENNESEY ROAD, WATERVLIET, MI 49098",9.67,9.0,3.0,1.0,6.0,1,5748,20.1,87.9,5.0,0.6,0.5,0.0,6.0
"QUICKSILVER RESOURCES, INC",N5831,"SW 1/4 SEC 29, T29N, R4W",SOUTH HAYES,49735,OTSEGO,86-05A,2006-03-20,Rolled into ROP,0,"SW 1/4 SEC 29, T29N, R4W, SOUTH HAYES, MI 49735",16.11,9.0,4.0,0.0,7.0,3,19372,14.1,95.2,0.8,0.3,0.6,0.0,3.1
"CMS GENERATION MI POWER, LLC",N6526,155 N TOWNLINE ROAD,GAYLORD,49735,OTSEGO,302-98C,2000-08-15,Rolled into ROP,0,"155 N TOWNLINE ROAD, GAYLORD, MI 49735",21.71,9.0,3.0,0.0,3.0,3,19372,14.1,95.2,0.8,0.3,0.6,0.0,3.1
WOLVERINE POWER SUPPLY,N6833,"SW 1/4 SEC 7, T30N, R3W",BAGLEY TOWNSHIP,49735,OTSEGO,200-00,2000-07-25,Rolled into ROP,0,"SW 1/4 SEC 7, T30N, R3W, BAGLEY TOWNSHIP, MI 49735",21.76,9.0,4.0,0.0,5.0,3,19372,14.1,95.2,0.8,0.3,0.6,0.0,3.1
RAVENNA CASTINGS CENTER,N5866,3800 ADAMS ROAD,RAVENNA,49451,MUSKEGON,414-95A,2000-04-04,Rolled into ROP,0,"3800 ADAMS ROAD, RAVENNA, MI 49451",22.07,9.0,5.0,3.0,6.0,1,6003,11.0,97.4,0.4,0.4,0.4,0.0,1.4
WASTE MANAGEMENT OF,N5910,9536 E LENNON ROAD,LENNON,48449,SHIAWASSEE,72-96A,1998-01-05,Rolled into ROP,0,"9536 E LENNON ROAD, LENNON, MI 48449",24.32,9.0,5.0,1.0,5.0,1,2853,9.4,95.4,0.7,0.1,0.1,0.0,3.7
POTLATCH FOREST PRODUCTS,N5940,650 AVENUE A,GWINN,49841,MARQUETTE,128-02,2004-06-09,Rolled into ROP,0,"650 AVENUE A, GWINN, MI 49841",17.89,9.0,5.0,1.0,6.0,1,7253,19.7,92.0,1.1,1.9,0.8,0.0,4.2
"PINE TREE ACRES, INC &",N5984,36600 29 MILE ROAD,LENOX,48048,MACOMB,160-05,2005-09-28,Rolled into ROP,0,"36600 29 MILE ROAD, LENOX, MI 48048",16.59,9.0,4.0,4.0,4.0,1,7922,9.4,87.1,6.5,0.1,0.0,0.0,6.3
SUMPTER ENERGY ASSOCIATES,N5986,NE NE SEC 27,NEW BOSTON,48393,WAYNE,62-01,2001-12-20,Rolled into ROP,0,"NE NE SEC 27, NEW BOSTON, MI 48393",20.36,9.0,4.0,1.0,4.0,2,17042,10.4,76.0,14.5,0.4,6.0,0.0,3.1
"EAGLE INDUSTRIES, INC",N7578,30926 CENTURY DRIVE,WIXOM,48393,OAKLAND,4-06B,2011-05-16,Rolled into ROP,0,"30926 CENTURY DRIVE, WIXOM, MI 48393",10.96,9.0,5.0,4.0,6.0,2,17042,10.4,76.0,14.5,0.4,6.0,0.0,3.1
SUMPTER ENERGY ASSOCIATES,N5986,28800 CLARK ROAD,NEW BOSTON,48164,WAYNE,62-01B,2005-03-04,Rolled into ROP,0,"28800 CLARK ROAD, NEW BOSTON, MI 48164",17.16,9.0,4.0,1.0,4.0,1,8713,4.1,96.0,1.2,0.3,0.9,0.0,1.6
GRANGER ELECTRIC OF BRENT,N5987,8335 VIENNA ROAD,MONTROSE,48457,GENESEE,105-12A,2013-05-31,Rolled into ROP,0,"8335 VIENNA ROAD, MONTROSE, MI 48457",8.91,8.91,3.0,2.0,4.0,1,8021,14.1,94.8,1.5,0.8,0.2,0.0,2.7
"CITIZENS DISPOSAL, INC",N5991,2361 W GRAND BLANC ROAD,GRAND BLANC,48439,GENESEE,331-08,2008-12-10,Rolled into ROP,0,"2361 W GRAND BLANC ROAD, GRAND BLANC, MI 48439",13.39,9.0,3.0,6.0,3.0,1,48375,7.0,84.2,10.2,0.2,3.2,0.0,2.3000000000000003
GRANGER ELECTRIC COMPANY,N5997,16980 WOOD ROAD,LANSING,48906,INGHAM,357-07,2008-01-30,Rolled into ROP,0,"16980 WOOD ROAD, LANSING, MI 48906",14.25,9.0,3.0,3.0,4.0,1,26196,22.0,72.2,14.4,0.6,1.9,0.0,10.8
MIDLAND MUNICIPAL SOLID WASTE,N6004,4311 E ASHMAN STREET,MIDLAND,48642,MIDLAND,366-07,2007-12-19,Rolled into ROP,0,"4311 E ASHMAN STREET, MIDLAND, MI 48642",14.36,9.0,2.0,5.0,3.0,1,32702,8.5,90.6,1.5,0.6,3.9,0.1,3.3
SAUK TRAIL HILLS DEVELOPMENT,N6009,5011 S LILLEY ROAD,CANTON TOWNSHIP,48188,WAYNE,122-11,2011-11-09,Rolled into ROP,0,"5011 S LILLEY ROAD, CANTON TOWNSHIP, MI 48188",10.47,9.0,3.0,0.0,3.0,2,41838,5.8,63.2,10.9,0.4,22.1,0.0,3.5
"CANTON RENEWABLES, LLC",P0270,4345 S LILLEY ROAD,CANTON TOWNSHIP,48188,WAYNE,98-11A,2012-02-16,Rolled into ROP,0,"4345 S LILLEY ROAD, CANTON TOWNSHIP, MI 48188",10.2,9.0,3.0,0.0,3.0,2,41838,5.8,63.2,10.9,0.4,22.1,0.0,3.5
BREMBO NORTH AMERICA,N6226,29991 M-60 EAST,HOMER,49245,CALHOUN,145-12A,2013-12-05,Rolled into ROP,0,"29991 M-60 EAST, HOMER, MI 49245",8.4,8.4,4.0,14.0,1.0,1,4677,13.0,97.3,0.0,0.6,0.0,0.0,2.1
"FEDERAL-MOGUL POWERTRAIN,",N6327,47001 PORT STREET,PLYMOUTH,48170,WAYNE,368-97B,2003-07-21,Rolled into ROP,0,"47001 PORT STREET, PLYMOUTH, MI 48170",18.78,9.0,3.0,0.0,4.0,1,39307,4.7,92.9,1.4,0.1,3.6,0.0,1.9
"ADVANCED FIBERMOLDING, INC",N6515,23773 14 MILE ROAD,LEROY,49655,OSCEOLA,490-97,1998-07-30,Rolled into ROP,0,"23773 14 MILE ROAD, LEROY, MI 49655",23.75,9.0,4.0,0.0,4.0,1,3507,15.4,98.2,0.4,0.2,0.0,0.0,1.2000000000000002
"CMS GENERATION MI POWER, LLC",N6731,"E 1/2 SEC 20, T2S, R10W",COMSTOCK,49048,KALAMAZOO,313-98B,1999-05-06,Rolled into ROP,0,"E 1/2 SEC 20, T2S, R10W, COMSTOCK, MI 49041",22.98,9.0,3.0,0.0,4.0,1,25020,19.2,67.9,21.7,0.3,2.3,0.3,7.5
VECTOR PIPELINE LP,N6838,HIGHLAND COMPRESSOR STATION,HIGHLAND TOWNSHIP,48356,OAKLAND,166-00A,2002-03-26,Rolled into ROP,0,"HIGHLAND COMPRESSOR STATION, HIGHLAND TOWNSHIP, MI 48356",20.1,9.0,4.0,0.0,4.0,1,8694,4.2,97.9,0.6,0.1,0.3,0.0,1.1
"RENAISSANCE POWER, LLC",N6873,950 N DIVISION STREET,CARSON CITY,48811,MONTCALM,298-00A,2003-02-10,Rolled into ROP,0,"950 N DIVISION STREET, CARSON CITY, MI 48811",19.22,9.0,4.0,3.0,5.0,1,3220,12.1,75.8,19.9,0.3,0.2,0.1,3.7
"AVL POWERTRAIN ENGINEERING,",N6989,1801 E ELLSWORTH ROAD,ANN ARBOR,48108,WASHTENAW,199-01B,2008-11-25,Rolled into ROP,0,"1801 E ELLSWORTH ROAD, ANN ARBOR, MI 48108",13.43,9.0,4.0,1.0,4.0,1,26262,11.3,64.7,13.9,0.5,14.6,0.1,6.1
"R L ADAMS PLASTICS, INC",N7221,5955 CROSSROADS COMMERCE,WYOMING,49519,KENT,247-02D,2009-02-25,Rolled into ROP,0,"5955 CROSSROADS COMMERCE, WYOMING, MI 49519",13.17,9.0,4.0,3.0,4.0,1,28562,9.4,74.5,8.1,1.0,4.1,0.0,12.3
"CHRYSLER GROUP, LLC",N7228,5800 N ANN ARBOR ROAD,DUNDEE,48131,MONROE,300-02C,2011-03-14,Rolled into ROP,0,"5800 N ANN ARBOR ROAD, DUNDEE, MI 48131",11.13,9.0,3.0,1.0,5.0,1,7060,7.2,97.5,0.8,0.2,0.4,0.0,1.0
WESTERN LIME CORPORATION,N7362,181 W COUNTY ROAD 432,GULLIVER,49840,SCHOOLCRAFT,26-04,2005-08-09,Rolled into ROP,0,"181 W COUNTY ROAD 432, GULLIVER, MI 49840",16.72,9.0,3.0,1.0,3.0,1,603,9.0,93.4,0.0,5.1,0.2,0.0,1.3
"LACKS ENTERPRISES, INC",N7374,5675 KRAFT AVENUE,CASCADE TOWNSHIP,48064,KENT,23-12A,2012-10-09,Rolled into ROP,0,"5675 KRAFT AVENUE, CASCADE TOWNSHIP, MI 48064",9.56,9.0,5.0,5.0,4.0,1,4036,7.6,97.2,0.2,0.2,1.6,0.0,0.9
"MERIDIAN AUTOMOTIVE SYSTEMS,",N7413,8887 W GRAND RIVER AVENUE,FOWLERVILLE,48836,LIVINGSTON,247-04A,2008-02-05,Rolled into ROP,0,"8887 W GRAND RIVER AVENUE, FOWLERVILLE, MI 48836",14.23,9.0,4.0,4.0,4.0,1,13917,7.2,95.8,0.1,1.1,0.7,0.0,2.3
SHELBY FOAM SYSTEMS,N7707,6200 26 MILE ROAD,SHELBY TOWNSHIP,48316,MACOMB,303-06D,2012-08-29,Rolled into ROP,0,"6200 26 MILE ROAD, SHELBY TOWNSHIP, MI 48316",9.67,9.0,5.0,0.0,7.0,1,27818,6.3,93.5,1.0,0.1,2.8,0.0,2.6
"HARBOR FOAM, INC",N7754,2950 PRAIRIE STREET SW,GRANDVILLE,49418,KENT,35-07B,2012-07-30,Rolled into ROP,0,"2950 PRAIRIE STREET SW, GRANDVILLE, MI 49418",9.75,9.0,4.0,0.0,4.0,1,28231,6.0,89.1,1.2,0.5,2.9,0.0,6.4
HYUNDAI-KIA AMERICA TECHNICAL,N7886,6800 GEDDES ROAD,SUPERIOR TOWNSHIP,48198,WASHTENAW,285-08C,2013-02-06,Rolled into ROP,0,"6800 GEDDES ROAD, SUPERIOR TOWNSHIP, MI 48198",9.23,9.0,4.0,0.0,4.0,1,38081,21.4,54.7,36.5,0.9,2.0,0.1,5.8
VECTOR PIPELINE LP,N8151,"W NE SEC 8, T4S",ATHENS TOWNSHIP,49011,CALHOUN,288-08,2008-12-10,Rolled into ROP,0,"W NE SEC 8, T4S, ATHENS TOWNSHIP, MI 49011",13.39,9.0,4.0,0.0,5.0,1,2269,10.2,94.7,2.2,0.6,0.0,0.0,2.4
"PLASAN NORTH AMERICA, INC",P0374,3195 WILSON DRIVE NW,WALKER,49534,KENT,35-16,2016-05-10,Rolled into ROP,0,"3195 WILSON DRIVE NW, WALKER, MI 49534",5.97,5.97,5.0,3.0,5.0,1,21803,6.2,92.7,1.7,0.1,2.4,0.0,3.1
WOLVERINE POWER SUPPLY,P0582,7432 HIGHWAY M-32,ELMIRA TOWNSHIP,49730,OTSEGO,206-14,2015-05-15,Rolled into ROP,0,"7432 HIGHWAY M-32, ELMIRA TOWNSHIP, MI 49730",6.96,6.96,2.0,0.0,2.0,1,2187,10.7,97.0,0.6,0.2,0.3,0.0,2.0
